Date,Close,High,Low,Open,Volume,Daily Return %,MA_20,MA_50
2023-01-03,123.09602355957031,128.8340031338152,122.21022673136561,128.22379338136977,112117500,,,
2023-01-04,124.36566162109375,126.62936374107429,123.10586505340991,124.88729543343348,89113600,1.0314208573187766,,
2023-01-05,123.04680633544922,125.75340309203497,122.79091532129203,125.12350481122068,80962700,-1.0604657816742913,,
2023-01-06,127.57421112060547,128.2336347517989,122.91886860960567,124.02119442530204,87754700,3.6794167357856233,,
2023-01-09,128.09580993652344,131.30436630158056,127.83991897613902,128.4107665197256,70790800,0.40885913488022396,,
2023-01-10,128.6667022705078,129.18833615231142,126.09789493911427,128.20411901412172,63896200,0.4456760406661875,,
2023-01-11,131.38316345214844,131.40283698381694,128.40098644639082,129.17851145026387,69458900,2.1112386761335866,,
2023-01-12,131.3043975830078,132.14097304777255,129.36548883237654,131.76698078856714,71379600,-0.059951265497815154,,
2023-01-13,132.633056640625,132.7905349401524,129.5819934315568,129.9461488585014,57809700,1.011892276324744,,
2023-01-17,133.7944793701172,135.12316348796887,132.01304876349633,132.70199775252627,63646600,0.8756661113821007,,
2023-01-18,133.07598876953125,136.42232060237055,132.8988218980733,134.6605787592018,69672800,-0.5370106479493542,,
2023-01-19,133.13504028320312,134.0995687562006,131.65871475561192,131.96381962844052,58280400,0.04437428135450894,,
2023-01-20,135.69398498535156,135.84162653742413,132.1015991542997,133.14486670992753,80223600,1.9220670206018475,,
2023-01-23,138.88284301757812,141.05796890647485,135.7235002594527,135.9400291721196,81760300,2.3500363944435776,,
2023-01-24,140.2804718017578,140.90053342355856,138.0856717213938,138.0955084866108,66435100,1.0063365307137362,,
2023-01-25,139.62103271484375,140.18202862963406,136.61916767862735,138.6663409653264,65799300,-0.47008616270265424,,
2023-01-26,141.68788146972656,141.9732977828438,139.6603818984353,140.9103416541343,54105100,1.4803276517113773,,
2023-01-27,143.62680053710938,144.90628582720518,140.82179068901345,140.900529862646,70555800,1.3684438268611432,,
2023-01-30,140.7430419921875,143.2527985417942,140.59541543784155,142.6721140707524,64015300,-2.00781367693057,,
2023-01-31,142.01266479492188,142.06187864867766,140.03439402480078,140.4477633640219,65874500,0.9020856624690987,133.63600311279296,
2023-02-01,143.13465881347656,144.29604258311244,139.0895417079852,141.69771052689384,77663600,0.7900661678132304,134.63793487548827,
2023-02-02,148.43960571289062,148.7939093931277,145.831421817907,146.5498959772077,118339000,3.7062629997442587,135.8416320800781,
2023-02-03,152.06153869628906,154.8960886893848,145.496812581912,145.6936529941079,154357300,2.4400044489500505,137.29236869812013,
2023-02-06,149.3352508544922,150.6836384438328,148.40024764766747,150.1620046015634,69858300,-1.7928845552734107,138.38042068481445,
2023-02-07,152.20913696289062,152.77998456473935,148.26243261630023,148.26243261630023,83322600,1.924452593713899,139.58608703613282,
2023-02-08,149.52224731445312,152.14026818212696,148.78408455222657,151.45131927430748,64120100,-1.7652617326728404,140.62886428833008,
2023-02-09,148.4888458251953,151.89424398332804,148.04595108381588,151.3529215136586,56007100,-0.691135605449078,141.48414840698243,
2023-02-10,148.85353088378906,149.17882019931434,147.08909918660703,147.32567733632254,57450700,0.2455976114347891,142.3616050720215,
2023-02-13,151.65298461914062,152.0571182724141,148.7648180243575,148.79438841262413,62199000,1.880676742251497,143.31260147094727,
2023-02-14,151.01226806640625,151.5741355635304,148.7056873791277,149.9476888936107,61707600,-0.4224885875760753,144.17349090576172,
2023-02-15,153.11187744140625,153.2794480234058,150.69686663828347,150.92357800911904,65573800,1.3903568245705156,145.17528533935547,
2023-02-16,151.51498413085938,154.09756497312395,151.16012443154224,151.3178281549916,68167900,-1.0429584805776937,146.0942825317383,
2023-02-17,150.37156677246094,150.8151376986906,148.69584602843153,150.17442580979125,59144100,-0.7546562902391862,146.82816162109376,
2023-02-21,146.35964965820312,149.1393862953431,146.29065710385296,148.05508866222715,58867200,-2.668002469062891,147.202001953125,
2023-02-22,146.7835235595703,147.80866542554767,145.0585140913541,146.74408634882758,51011300,0.28961117518186974,147.52715454101562,
2023-02-23,147.26651000976562,148.19308888929672,145.13736699227027,147.94665897626774,48394200,0.32904677478959865,147.90942840576173,
2023-02-24,144.61497497558594,145.08811632211885,143.63910684752537,145.00925692421464,55469600,-1.8005010331295646,148.0557830810547,
2023-02-27,145.80767822265625,147.03982803359767,145.344388690471,145.6006854773172,44998500,0.8247439431992909,148.16482696533203,
2023-02-28,145.304931640625,146.9510815880518,144.7332124606566,144.95007197860627,50547000,-0.3448011710765475,148.3929214477539,
2023-03-01,143.23492431640625,145.12750429739225,142.9392054041828,144.73322244168676,55479000,-1.4245953670302014,148.45403442382812,
2023-03-02,143.8263702392578,144.61494903595985,141.84506394442167,142.31822024697658,52238100,0.41292019085028553,148.48861999511718,
2023-03-03,148.87326049804688,148.9521198871165,145.22610023869615,145.9259528752422,70732300,3.5090159408135424,148.510302734375,
2023-03-06,151.63331604003906,154.06804574984884,151.26860443716606,151.593878815413,87558000,1.8539632522043048,148.4888916015625,
2023-03-07,149.4351043701172,151.83039589059405,148.9718149331636,151.50510660246357,56182000,-1.4496891101039022,148.49388427734374,
2023-03-08,150.68695068359375,151.2783884609091,149.66180891591966,150.62780991403972,47204800,0.8377190344619478,148.41777496337892,
2023-03-09,148.43955993652344,152.3331506331596,148.08470016179072,151.36714931784533,53833600,-1.4914302379038014,148.36364059448243,
2023-03-10,146.37937927246094,148.78453780981002,145.5020893181875,148.06496662146847,68572400,-1.387891923786011,148.2581672668457,
2023-03-13,148.3212432861328,150.95311305935627,145.59079552733544,145.69922529511118,84457100,1.3265966991548916,148.2315528869629,
2023-03-14,150.41094970703125,151.2093801741156,147.956517536496,149.11965944141213,73695900,1.4089056797259358,148.16945114135743,
2023-03-15,150.80526733398438,151.06154904978908,147.7791005346977,149.03096880678774,77167900,0.26216018695526255,148.15910110473632,142.6122430419922
2023-03-16,153.62442016601562,154.22570978036399,149.47453364061312,149.98711209240733,76161100,1.8693994459674679,148.1847282409668,143.2228109741211
2023-03-17,152.78659057617188,154.50174868510317,152.07687101667568,153.8511699154162,98944600,-0.5453752658192923,148.24830856323243,143.79122955322265
2023-03-20,155.15228271484375,155.5662982460434,151.94869352566715,152.85556893212473,73641400,1.5483637207628131,148.48734436035156,144.43333908081055
2023-03-21,157.00543212890625,157.1237136794573,154.30455474450915,155.07342994575768,73938300,1.1944067993304497,149.0196334838867,145.02196350097657
2023-03-22,155.57614135742188,159.82459083880553,155.55642275206148,157.02515051318744,75701800,-0.9103447900521533,149.4592643737793,145.57157012939453
2023-03-23,156.66043090820312,159.24302685232914,155.4282812343858,156.56186795883147,67622100,0.6969510500264953,149.92896041870117,146.13144470214843
2023-03-24,157.96160888671875,158.0503200650471,155.5958872192805,156.5914588714899,59196500,0.8305721942499122,150.5962921142578,146.66301361083984
2023-03-27,156.01971435546875,158.47416184588545,155.61556566491817,157.6560126824132,52390300,-1.2293458802655088,151.10689392089844,147.15731994628905
2023-03-28,155.39869689941406,156.22671283698608,153.75254688783264,155.71413440722972,45992200,-0.3980378111959504,151.6115821838379,147.61263275146484
2023-03-29,158.47418212890625,158.75018247951246,157.07446176772007,157.09416533498404,51305700,1.9790933198641225,152.3735450744629,148.10622680664062
2023-03-30,160.0414581298828,160.1498879032855,158.96702721945866,159.22330893800608,49501700,0.9889787597715527,153.18429946899414,148.64553619384765
2023-03-31,162.54518127441406,162.64375926608275,159.59788883873148,160.120319104618,68749800,1.5644216028695146,153.8678955078125,149.23373901367188
2023-04-03,163.79702758789062,163.91530912930577,161.87487733545584,161.92416632467473,56976200,0.7701528299157268,154.47608108520507,149.79579986572264
2023-04-04,163.26478576660156,164.4574983782598,162.75220722625122,164.22093523724538,46278300,-0.3249398533825443,155.1675651550293,150.28343872070312
2023-04-05,161.4214630126953,162.69304993016723,159.48946069965245,162.38747921010668,51511700,-1.1290387852169181,155.70429077148438,150.70625854492187
2023-04-06,162.30862426757812,162.60434321282244,159.686606015777,160.1104583059446,45390100,0.549593119976266,156.39774398803712,151.16001037597655
2023-04-10,159.71617126464844,159.71617126464844,157.7940207437735,159.11488161033475,47716900,-1.5972367547492872,157.0645835876465,151.520576171875
2023-04-11,158.5037078857422,160.04142798920654,158.21784079111364,160.0315762083488,47644200,-0.7591362661062084,157.57370681762694,151.81811431884765
2023-04-12,157.813720703125,159.74572277857914,157.49828319805357,158.9177218890988,50133100,-0.43531296006940057,157.94384536743163,152.1595278930664
2023-04-13,163.19580078125,163.432378995954,159.11492058319098,159.32192840116866,68445600,3.410400600242891,158.56337203979493,152.58319061279298
2023-04-14,162.8507537841797,163.9449032227771,161.48060404043056,162.23959735915352,49386500,-0.2114312962824494,159.02468872070312,152.97751251220703
2023-04-17,162.87046813964844,163.02818690758198,161.68760746192598,162.73246797792896,41516200,0.01210578091328518,159.52888259887695,153.2661297607422
2023-04-18,164.09274291992188,165.01932174992547,163.28444562876558,163.72803148121778,49923000,0.7504581979990599,159.97590560913085,153.50675384521483
2023-04-19,165.2362060546875,165.7586363174907,163.17604035173306,163.43233711220313,47720200,0.6968395520840609,160.38744430541993,153.82477294921875
2023-04-20,164.27020263671875,165.47278202514906,163.19577163848064,163.71820194187683,52456400,-0.5846197035346057,160.82214736938477,154.0659942626953
2023-04-21,162.6634979248047,164.07307012591417,162.141067594516,162.6930683177726,58337300,-0.9780865221596269,161.12230072021484,154.32881927490234
2023-04-24,162.9690399169922,163.23518844762253,161.5496011414824,162.64375061086378,41949600,0.18783685097485403,161.3726722717285,154.6184231567383
2023-04-25,161.4313201904297,163.93504162144998,161.3918829793584,162.83104036567903,48714100,-0.9435655553629907,161.64325256347655,154.8699789428711
2023-04-26,161.4214630126953,162.91976126426218,160.47518046288778,160.73146218660858,45498800,-0.006106112322412649,161.94439086914062,155.06534851074218
2023-04-27,166.00506591796875,166.1529178634098,162.83104713478986,162.83104713478986,64902300,2.8395250666963356,162.32093505859376,155.36520446777342
2023-04-28,167.25692749023438,167.424513091262,165.4826438930684,166.08393356927388,55275900,0.7541104636434648,162.68170852661132,155.64810546875
2023-05-01,167.16819763183594,168.0159171618742,166.23176694003394,166.86262693627947,52472900,-0.0530500348953411,162.91285934448243,155.96116973876954
2023-05-02,166.13320922851562,167.91737470896658,165.1474894240389,167.66107793363267,48425700,-0.6191299648990234,163.02966842651367,156.27640258789063
2023-05-03,165.05874633789062,168.47919460136384,164.7728942678528,167.07947455454496,65136000,-0.6467478089507539,163.11936645507814,156.65038452148437
2023-05-04,163.42247009277344,164.65461977543495,161.96360907995128,162.535328337613,81235400,-0.9913296213746703,163.21941680908202,156.98316345214843
2023-05-05,171.09136962890625,171.81094077356033,168.32148473339686,168.5383442631647,113453200,4.692683651017671,163.65855407714844,157.45966064453125
2023-05-08,171.02236938476562,171.3673772990156,169.65221959190652,170.01693107088172,55962800,-0.040329470908018195,164.2238639831543,157.98780853271484
2023-05-09,169.31707763671875,171.06179068201072,169.14950709207488,170.57879765359286,45326900,-0.997116198413972,164.76453247070313,158.4579965209961
2023-05-10,171.08154296875,171.5448325237521,169.44524432941884,170.54926084220077,53724500,1.0421071262622705,165.42792358398438,158.9735287475586
2023-05-11,171.26881408691406,172.09681510347738,169.71137500858376,171.36739208260082,49514700,0.10946307527648358,165.8315742492676,159.53420654296875
2023-05-12,170.34092712402344,171.81167121139163,168.79119952450796,171.3773522647327,45533100,-0.5417722822671944,166.20608291625976,160.06449768066406
2023-05-15,169.84742736816406,170.97270170588305,169.25517137496644,170.92334452950067,37266700,-0.289712968099598,166.55493087768554,160.4839810180664
2023-05-16,169.84742736816406,170.9035986466086,169.58091066505557,169.76845889829133,42110300,0.0,166.84266510009766,160.8482632446289
2023-05-17,170.45941162109375,170.69630196545663,168.21872838992437,169.4920742376562,57951600,0.36031411391539425,167.10382537841798,161.26874938964843
2023-05-18,172.78890991210938,172.97645812210007,170.35081330561755,170.76538642479474,65496700,1.366599983457495,167.5297607421875,161.71078857421875
2023-05-19,172.89752197265625,174.11163026725697,172.68036243226308,174.11163026725697,55809500,0.06285823586833494,168.04146194458008,162.1999478149414
2023-05-22,171.9499053955078,172.45332751081392,171.2095929310653,171.73274586766902,43570900,-0.5480799067197228,168.49050521850586,162.71135833740234
2023-05-23,169.34400939941406,171.1405082441651,169.06762727894406,170.89373741791002,50747300,-1.5154971967561326,168.8861396789551,163.13181365966796
2023-05-24,169.62037658691406,170.19288666082696,168.317434571077,168.88006417332414,45143500,0.1631986797053786,169.29608535766602,163.51600219726564
2023-05-25,170.75552368164062,171.65375792303627,169.47231254318322,170.18301363335365,56058300,0.6692280241135551,169.53360824584962,163.91500732421875
2023-05-26,173.16400146484375,173.49962120538788,170.87397623432938,171.08127033696854,54835000,1.4104830879108299,169.82896194458007,164.3057989501953
2023-05-30,175.00987243652344,176.6780456265802,174.28930584342234,174.6742677286896,55964400,1.0659669192585763,170.22104568481444,164.75026458740234
2023-05-31,174.96047973632812,177.03336027410137,174.47680359439627,175.0394481918492,99625300,-0.028222807952293927,170.66240921020508,165.14642852783203
2023-06-01,177.76380920410156,177.79342049505456,174.64462268903534,175.40468096744894,68901800,1.6022643925063251,171.29766235351562,165.56159606933593
2023-06-02,178.61270141601562,179.43198227661338,176.94452840385708,178.69166987914852,61996900,0.4775393910126047,172.05717391967772,166.02232727050782
2023-06-05,177.26040649414062,182.56103856696868,175.74028990045602,180.27101332814428,121946500,-0.7571101669445635,172.36562576293946,166.43432678222655
2023-06-06,176.89517211914062,177.79340630920336,175.13815031318512,177.64534986625156,64848400,-0.20604396786829682,172.6592658996582,166.812998046875
2023-06-07,175.5231475830078,178.86935913776645,175.02960596689772,176.135134367242,61944600,-0.7756144612068527,172.96956939697264,167.20306671142578
2023-06-08,178.2376251220703,178.50412674833163,175.1677956906412,175.60209965770608,50214900,1.5465068718522046,173.32737350463867,167.6598452758789
2023-06-09,178.62254333496094,179.87612787968425,178.29680414297812,179.15556151894765,48900000,0.2159578891533176,173.695059967041,168.0628125
2023-06-12,181.416015625,181.51472997018058,178.63244881890137,178.92857679274874,54274900,1.5638968284090726,174.24881439208986,168.49030364990233
2023-06-13,180.9422149658203,181.7713612206094,180.08345742062403,180.4388079672042,54929100,-0.2611680438176278,174.80355377197264,168.85824432373047
2023-06-14,181.5739288330078,182.00824779635482,179.66886572578127,181.00141884147698,57462900,0.3491246458471986,175.38987884521484,169.2137823486328
2023-06-15,183.6073455810547,184.11076766616947,181.4061542027307,181.5838370156226,65433200,1.1198836535155854,176.0472755432129,169.62063354492187
2023-06-16,182.53143310546875,184.57470266619666,181.88983501651188,184.31805138125782,101256200,-0.5859855291633576,176.53440170288087,170.04283294677734
2023-06-20,182.62025451660156,183.69618663444365,182.02801364300083,182.02801364300083,49799100,0.048660885208451354,177.02053833007812,170.44906555175783
2023-06-21,181.58383178710938,183.015099412311,180.23151756348105,182.51167734169172,49515700,-0.5675289043023279,177.5022346496582,170.88641876220703
2023-06-22,184.58456420898438,184.63392138287654,181.29757524213758,181.36667829792557,51245300,1.652532823182784,178.2642623901367,171.40803588867186
2023-06-23,184.2686767578125,185.13731475683954,182.6202496908907,183.15328303090953,53117000,-0.1711342725355003,178.99667739868164,171.93713500976563
2023-06-26,182.8769073486328,185.6209974197008,182.83741558637178,184.4167547195407,48088700,-0.7552935385805815,179.60274658203124,172.33075714111328
2023-06-27,185.630859375,185.9565986299679,183.27173119056016,183.48889069387212,50730800,1.5059047455986851,180.22608947753906,172.78635925292969
2023-06-28,186.8054962158203,187.44709427325768,185.17681495512898,185.50253915791174,51216800,0.63278101753943,180.8158706665039,173.26505981445314
2023-06-29,187.14109802246094,187.61490879718235,186.49949997485513,186.63769101872532,46347300,0.17965306880098897,181.42490158081054,173.7260269165039
2023-06-30,191.46450805664062,191.96791501002735,188.78950625721086,189.15473724224137,85213200,2.310240818219844,182.1099365234375,174.25059295654296
2023-07-03,189.97402954101562,191.37568580561538,189.28305928715224,191.27697146600818,31458200,-0.7784620401730447,182.6780029296875,174.76466949462892
2023-07-05,188.858642578125,190.48732393792235,188.15780683402295,189.09554798353173,46920300,-0.5871260222175878,183.2579147338867,175.28857238769533
2023-07-06,189.33245849609375,189.5397526306188,186.7561703019228,187.38790305527482,45094300,0.2508838946953418,183.87977905273436,175.81584075927734
2023-07-07,188.21702575683594,190.1813268348204,187.78272178125238,188.93760736945495,46815000,-0.5891397323617542,184.51447296142578,176.35155487060547
2023-07-10,186.17376708984375,187.5359467558433,184.62403920180722,186.8153651594175,59922200,-1.0855865237356044,184.91128005981446,176.84660095214844
2023-07-11,185.65061950683594,186.85486227702734,184.18974051380027,186.71667122446578,46638100,-0.2809996226564748,185.2626838684082,177.23951202392578
2023-07-12,187.3187713623047,189.22383458950753,186.0355602702456,187.22992243297554,60750200,0.898543651456718,185.55782165527344,177.64074890136717
2023-07-13,188.07882690429688,188.72044002337208,187.32864909209994,188.03935020331573,41342300,0.4057551394686998,185.91465225219727,178.0589614868164
2023-07-14,188.22686767578125,188.7105287268448,187.1805620612046,187.77280284934832,41616200,0.07871208786287553,186.24729919433594,178.5008346557617
2023-07-17,191.4842987060547,191.81003800912126,189.3324492359564,189.4212831199665,50520200,1.730587705408948,186.64114685058593,179.029345703125
2023-07-18,191.22763061523438,191.8198865800326,189.93455398917624,190.85254922844402,48288200,-0.1340413248264949,187.07595672607422,179.58544891357423
2023-07-19,192.57992553710938,195.6694855056854,190.1615598085878,190.60575926840173,80507300,0.7071650250145778,187.5739402770996,180.0152200317383
2023-07-20,190.63539123535156,193.9322456468904,190.01352397351403,192.57006595398724,59581200,-1.0097284523994166,188.02651824951172,180.40748046875
2023-07-21,189.46075439453125,192.45161532627134,188.75991868585442,191.59285775033445,71951700,-0.616169344636619,188.27032775878905,180.81035400390624
2023-07-24,190.26028442382812,192.3923877240068,189.76674282999198,190.9117629424984,45377800,0.42200297990577784,188.56990814208984,181.19392883300782
2023-07-25,191.11903381347656,191.92844922240585,190.4280786239598,190.83278632842445,37283200,0.4513550435651936,188.98201446533204,181.59093322753907
2023-07-26,191.98765563964844,193.11292972833346,190.82290485561143,191.1683748904412,47471900,0.45449257922662856,189.29985427856445,182.02386779785155
2023-07-27,190.72421264648438,194.65279947329122,190.06286872536143,193.48804855415668,47460200,-0.6580855362573357,189.49579010009765,182.44140350341797
2023-07-28,193.30050659179688,194.09017617119656,191.63233355900982,192.15548645475204,48291400,1.3507954284167178,189.80376052856445,182.91046508789063
2023-07-31,193.9124755859375,193.9519673452193,192.7378442652397,193.52751377225187,38824100,0.3165894414508541,189.9261589050293,183.3795263671875
2023-08-01,193.08334350585938,194.1888718595327,192.75760424557473,193.7052107356477,35175100,-0.42758057601646193,190.08162460327148,183.7854150390625
2023-08-02,190.0924835205078,192.65889079076135,189.37191700535638,192.52069974591456,50389300,-1.548999479212354,190.14331665039063,184.12931427001953
2023-08-03,188.70069885253906,189.885195713569,188.22690312046603,189.09554118067888,61235200,-0.7321618625802162,190.1117286682129,184.46433013916015
2023-08-04,179.63926696777344,184.9596445164711,179.57016391801557,183.12366926443607,115956800,-4.802012891243567,189.68284072875977,184.67023529052733
2023-08-07,176.5398406982422,180.7645556934903,175.0592158617292,179.77747246914834,97576100,-1.725361231899969,189.20114440917968,184.8086245727539
2023-08-08,177.47755432128906,177.94148460917899,175.2862285117603,177.36897457174686,67823000,0.5311626085862997,188.79249114990233,184.94306518554689
2023-08-09,175.88836669921875,178.59296516430098,174.72360063232372,178.53374257918168,60378500,-0.8954302013838844,188.22097091674806,184.99755249023437
2023-08-10,175.67120361328125,178.41529378720278,175.30598763799586,177.16169386807627,54686900,-0.12346642931130303,187.60058975219727,185.01077911376953
2023-08-11,175.73049926757812,176.5508864753638,174.5048729038775,175.2659575562626,52036700,0.03375377015542025,186.97577133178712,185.02617950439452
2023-08-14,177.3811492919922,177.60848075837384,175.2560457553654,175.90840396188517,43675600,0.9393076508026565,186.27061386108397,185.01852630615235
2023-08-15,175.39442443847656,177.40090780634856,174.99906405268155,176.80786722765603,43622600,-1.1200315599743993,185.47895355224608,184.95416076660158
2023-08-16,174.52464294433594,176.47180884084688,174.45544657600635,175.07815356283987,46964900,-0.49590030978762245,184.57618942260743,184.89944549560548
2023-08-17,171.98440551757812,175.4537406821077,171.47042491030345,175.08803154260252,66062900,-1.45551790503764,183.64364013671874,184.80123016357422
2023-08-18,172.46873474121094,173.07166917955516,169.96804315644715,170.30410101859755,61172200,0.28161229047205527,182.79403915405274,184.74014190673827
2023-08-21,173.80307006835938,174.08971916130307,171.7274054668453,173.04200058882003,46311900,0.7736679515569111,181.9711784362793,184.65145080566407
2023-08-22,175.17698669433594,175.62177093693052,174.2083431088137,175.00895776189057,42038900,0.7905019315459727,181.17407608032227,184.58253967285157
2023-08-23,179.02194213867188,179.44696895877536,176.2642675025049,176.45206899868776,52722800,2.194897581521338,180.52579040527343,184.534658203125
2023-08-24,174.33685302734375,179.00217866700072,173.9711287799832,178.57715186115848,54945800,-2.6170474162876767,179.7064224243164,184.40255096435547
2023-08-25,176.54100036621094,177.07473842454561,173.78332608108835,175.3252527852027,51449600,1.2643037318801786,178.86844711303712,184.30189239501954
2023-08-28,178.10272216796875,178.49808262553688,176.48172016068384,178.00387451255935,43820700,0.8846227213611835,178.07795944213868,184.19179992675782
2023-08-29,181.98719787597656,182.75816135607317,177.42071955816803,177.6183997947506,53003900,2.1810310705663305,177.52315216064454,184.18091522216798
2023-08-30,185.47628784179688,185.67398314097,182.6000082560471,182.7976884731864,60813900,1.9172172584349,177.29234237670897,184.23803588867187
2023-08-31,185.6937255859375,186.9292456956689,185.30824391498263,185.66407430986655,60794500,0.11723209832952275,177.1419937133789,184.32023376464844
2023-09-01,187.2653350830078,187.7199980774023,186.09899615427736,187.29498636168424,45766500,0.8463449651361366,177.52329711914064,184.3738491821289
2023-09-05,187.50253295898438,187.77928826308653,185.4367469097816,186.09898389331408,45280000,0.1266640597799018,178.07143173217773,184.43852630615234
2023-09-06,180.79119873046875,186.66239298088038,179.3678770840619,186.21759365485326,81755800,-3.579329901630557,178.23711395263672,184.39681213378907
2023-09-07,175.50315856933594,176.14563807720947,171.5297216636145,173.1507234483217,112488800,-2.9249433591158613,178.21785354614258,184.1942581176758
2023-09-08,176.115966796875,178.15211655476327,175.7304851357375,176.2840107997074,65551300,0.34917219298760127,178.24009170532227,183.98046752929687
2023-09-11,177.28231811523438,178.21143169284028,175.28571330476424,177.98410020535158,58953100,0.6622632459580391,178.31768264770508,183.78329193115235
2023-09-12,174.2577667236328,178.043402311121,172.79491507430095,177.4108165912451,90370200,-1.7060648934179579,178.1615135192871,183.43915710449218
2023-09-13,172.19200134277344,175.24620393193433,171.96465474647994,174.46534664942806,84267900,-1.1854653136554982,178.00139236450195,183.08351654052734
2023-09-14,173.7042694091797,174.06009984649242,171.5692867853032,171.98441978182902,60895800,0.8782452463606871,177.96037368774415,182.78042907714843
2023-09-15,172.9827117919922,174.45545734300367,171.80650919609533,174.43568479625586,109259500,-0.415394290331339,178.01028900146486,182.4534341430664
2023-09-18,175.90841674804688,177.30208708635865,174.1292647291417,174.43567131089117,67257600,1.6913279516468593,178.18227310180663,182.2072619628906
2023-09-19,176.99569702148438,177.54920768301113,175.07816717117066,175.4636488877364,51826900,0.6180945139167449,178.3419044494629,182.02370056152344
2023-09-20,173.45713806152344,177.61836118650515,173.36816915467014,177.18345571133617,58436200,-1.9992344557005937,178.25591201782225,181.7798309326172
2023-09-21,171.91522216796875,174.25777881422758,171.84604087673065,172.52805046683002,63149100,-0.8889319348782232,177.90057601928712,181.47175994873047
2023-09-22,172.76522827148438,175.02870938713053,172.03381007438438,172.64662317617766,56725400,0.4944332984575084,177.82199478149414,181.16548797607422
2023-09-25,174.04031372070312,174.92000347180993,172.13266274999066,172.1820865728236,46172700,0.7380451853512326,177.69696044921875,180.88175689697266
2023-09-26,169.96804809570312,173.1705067749598,169.67152023376326,172.7949188930673,64588900,-2.3398404300368547,177.29022674560548,180.4514318847656
2023-09-27,168.4557342529297,171.03550065621633,167.09173040755883,170.62036773962245,66921800,-0.8897636112888185,176.61365356445313,179.99599395751954
2023-09-28,168.71275329589844,170.03722730338785,165.67830850769053,167.37838547451082,56294400,0.1525736384745624,175.7754768371582,179.5186505126953
2023-09-29,169.22674560546875,171.06520035560507,168.36681324873706,170.02736032081233,51861100,0.3046552791826196,174.95212783813477,179.09047760009764
2023-10-02,171.7373046875,172.28093658205415,168.9499639274405,169.23661305458424,52164500,1.4835474576130547,174.17572631835938,178.73600860595704
2023-10-03,170.4029083251953,171.61867083541966,168.84122435442626,170.2645306917589,49594600,-0.7769985471315133,173.32074508666992,178.33886108398437
2023-10-04,171.6483612060547,172.19199313339385,168.98951921036945,169.10812432832188,53020300,0.7308871034539921,172.8636032104492,177.94944763183594
2023-10-05,172.88388061523438,173.41761872545223,170.67970163713667,171.77684421895017,48527900,0.7197967988150644,172.73263931274414,177.56737213134767
2023-10-06,175.43397521972656,175.9281832590251,171.17388925206592,171.78671747657816,57266700,1.4750331814725959,172.69853973388672,177.2615673828125
2023-10-09,176.91661071777344,176.9759132731787,173.76356081110382,174.76185568517045,42390800,0.8451244955202775,172.68025436401368,176.93388946533204
2023-10-10,176.32354736328125,177.6381425852869,175.88864186643335,176.03691333055846,43698000,-0.335221973836175,172.7835433959961,176.58211090087892
2023-10-11,177.7172088623047,177.76663268122664,175.5426965680271,176.13573714899445,47551100,0.7904001024616747,173.05980377197267,176.2747882080078
2023-10-12,178.61669921875,180.2278073787141,176.96603088257305,177.98411345020415,56743100,0.5061357660316679,173.30542526245117,176.04527252197266
2023-10-13,176.77822875976562,179.82253713140665,176.07644667980117,179.31845034069394,51427100,-1.0292825178304432,173.49520111083984,175.8068231201172
2023-10-16,176.6497344970703,177.0055649122618,174.46532818230494,174.70255348644375,52517000,-0.07268670106992392,173.53226699829102,175.74703247070312
2023-10-17,175.097900390625,176.35319301979084,172.7751316803463,174.60369235668924,57549400,-0.8784808598005789,173.43737716674804,175.71819366455077
2023-10-18,173.80307006835938,175.52291937992672,173.08153059369246,173.54608733160953,54764400,-0.7394893481743603,173.45467376708984,175.6447039794922
2023-10-19,173.42750549316406,175.77992569036093,173.16062890788183,174.0007735918687,59302900,-0.21608627226642474,173.5302879333496,175.5954867553711
2023-10-20,170.87738037109375,173.38795063159753,170.64015507731645,173.2792242572037,64244000,-1.4704271475385,173.43589553833007,175.49961029052736
2023-10-23,170.99595642089844,171.994251083767,167.96151226700277,168.93017074047194,55980100,0.06939247871613485,173.28367767333984,175.40491943359376
2023-10-24,171.43089294433594,171.65822442721412,169.4639394511676,171.045411263789,43816600,0.25435485875873187,173.3568199157715,175.28591430664062
2023-10-25,169.1179962158203,171.05528327402416,168.6731969171006,169.88895954662036,57157000,-1.349171487584,173.38993301391602,175.1603857421875
2023-10-26,164.9567413330078,169.3947344867521,163.75087263790635,168.39642470029793,70625300,-2.460563024589124,173.20213241577147,174.96902770996093
2023-10-27,166.27134704589844,167.00278034322866,164.8974493569631,164.9765244498122,58499100,0.7969396717389943,173.05436248779296,174.85476654052735
2023-10-30,168.3173828125,169.18719386762373,166.91383366211736,167.06210513671374,51131000,1.2305402000723387,172.88336639404298,174.77173950195314
2023-10-31,168.79183959960938,168.92032345051314,165.95507483465602,167.3882903979478,44846000,0.28188222700558097,172.80281295776368,174.67151489257813
2023-11-01,171.95477294921875,172.21175573979943,168.1493644262673,169.01917553597846,56934900,1.8738662704975262,172.81813354492186,174.6070706176758
2023-11-02,175.51304626464844,175.72060519042475,173.42748778366638,173.48679033388817,77334800,2.0693076757343,172.94959182739257,174.53689270019532
2023-11-03,174.60369873046875,174.77174274032964,171.34193765305042,172.22162738228718,79829200,-0.5181082281533245,172.9080780029297,174.54222961425782
2023-11-06,177.15382385253906,177.35150406781844,174.16881791314302,174.33684685023218,63841300,1.4605218220530736,172.91993865966796,174.5544860839844
2023-11-07,179.71383666992188,180.32664987384885,176.89684453064555,177.10440348202485,70530000,1.4450790627662302,173.089453125,174.58670837402343
2023-11-08,180.7714080810547,181.32491864766183,179.48646421884135,180.23767005812115,49340300,0.5884752285797878,173.2421630859375,174.562392578125
2023-11-09,180.29701232910156,181.9871956757889,179.70395654448856,180.84064428465763,53763500,-0.26242853169590186,173.32617874145507,174.4588070678711
2023-11-10,184.48348999023438,184.65175539538808,181.6430032262288,182.07848170612579,66133400,2.321989481162956,173.71144180297853,174.43460235595703
2023-11-13,182.8999481201172,184.11729742228064,182.31601793716675,183.9094650326421,43627500,-0.8583650874129822,174.02395248413086,174.34729461669923
2023-11-14,185.5128173828125,186.17592689168708,184.38453902262373,185.7701387274506,60108400,1.4285784602734442,174.54469833374023,174.30750030517578
2023-11-15,186.07693481445312,187.55162053928348,185.84930383072194,185.91859136162876,53790500,0.30408542094240154,175.15839157104492,174.41321502685548
2023-11-16,187.7594451904297,188.99659293267834,186.71033121940587,187.62088524737388,54412900,0.9042014678790178,175.8749885559082,174.65834075927734
2023-11-17,187.7396697998047,188.42257785422723,186.63119011836693,188.29390964052354,50922700,-0.010532301373677999,176.71810302734374,174.89081481933593
2023-11-20,189.48158264160156,189.93685974559065,187.92773262314063,187.93762437034974,46505100,0.9278341885092134,177.64238433837892,175.13480010986328
2023-11-21,188.67990112304688,189.55085808280586,187.78916067013205,189.44198846283598,38134500,-0.4230920532635851,178.50483474731445,175.42324279785157
2023-11-22,189.34300231933594,190.9463411053134,188.8679417719912,189.52115946327928,39617700,0.351442412436187,179.51608505249024,175.76626281738282
2023-11-24,188.01678466796875,188.93721542830764,187.30418629136327,188.9075250877743,24048300,-0.7004312993466044,180.6690872192383,176.0525131225586
2023-11-27,187.838623046875,188.7095799535061,186.95777439426936,187.9672912540552,40552600,-0.09475835969027235,181.7474510192871,176.34963134765624
2023-11-28,188.44236755371094,189.11538388382388,187.45264920500045,187.82874701011957,38415400,0.32141659528950317,182.75370025634766,176.60031036376952
2023-11-29,187.42294311523438,190.11497800569174,187.02706184977393,188.93721085337887,43014200,-0.540974119413995,183.6852554321289,176.80885528564454
2023-11-30,187.99697875976562,188.36318478193425,186.2550800746654,187.888109148078,48794400,0.3062782149239496,184.48736572265625,177.0996520996094
2023-12-01,189.27374267578125,189.5904446947665,187.28439912721964,188.37309535289532,45704800,0.6791406566416969,185.1754005432129,177.44682250976564
2023-12-04,187.48233032226562,188.09596593756666,185.52269231677565,188.02667840765253,43389500,-0.9464663868269607,185.81933212280273,177.74116455078126
2023-12-05,191.43130493164062,192.40122460244103,188.22461231756913,188.25431775925796,66628400,2.1063182874818454,186.5332061767578,178.088984375
2023-12-06,190.34263610839844,192.75753614335477,190.1347886146608,192.45072587794942,41089700,-0.5686994734904749,187.06464614868165,178.4964761352539
2023-12-07,192.27261352539062,192.99510378796072,191.5995971053443,191.63919430164995,47477700,1.0139490848981803,187.63970642089845,178.97281372070313
2023-12-08,193.69778442382812,193.9749043529612,191.67875053796885,192.20330005396386,53406400,0.7412240736246689,188.30974502563475,179.4725143432617
2023-12-11,191.1938018798828,191.50062728331056,189.45190285406377,191.12452944175106,60943700,-1.2927264766572466,188.6452606201172,179.91185546875
2023-12-12,192.7080535888672,192.71794533501543,189.748790485074,191.09480795445688,52696900,0.7919983253095841,189.1356658935547,180.33127044677735
2023-12-13,195.92465209960938,195.96423418895137,192.8466274130704,193.08415015292962,70404200,1.669156244816139,189.65625762939453,180.84170532226562
2023-12-14,196.07310485839844,197.567574144968,194.14315707722483,195.98403383047588,66831600,0.07577033170567127,190.15606613159179,181.3302001953125
2023-12-15,195.5386505126953,196.36010340669733,194.97450383643803,195.4990533238864,128538400,-0.2725791209809758,190.54502639770507,181.78329559326173
2023-12-18,193.8759307861328,194.6083278162061,192.39135323196817,194.07387143964067,55751900,-0.8503279132810349,190.8518394470215,182.15213470458986
2023-12-19,194.9151153564453,194.92500710230044,193.87590816937887,194.14313632648785,40714100,0.5360049419743884,191.12351608276367,182.5121047973633
2023-12-20,192.8268280029297,195.6475162401682,192.8268280029297,194.87553713507947,52242800,-1.0713829708366762,191.33086242675782,182.84217041015626
2023-12-21,192.67837524414062,195.0537085192927,191.5105147545003,194.08378869377222,46482500,-0.07698760609535782,191.49763107299805,183.14139373779298
2023-12-22,191.6094512939453,193.40083883584492,190.98592398969686,193.1731927744169,37149600,-0.5547711043550674,191.67726440429686,183.40124877929688
2023-12-26,191.0651397705078,191.8964996004414,190.84740051477698,191.6193796571302,28919300,-0.2840734210978302,191.8385902404785,183.68698699951173
2023-12-27,191.16412353515625,191.51053105327597,189.12530582758652,190.51092079815947,48087700,0.05180629222438782,191.97467803955078,183.97727478027343
2023-12-28,191.5896759033203,192.65857351066379,191.18388776405135,192.14391575114956,34049900,0.2226110005865145,192.1830146789551,184.30711029052733
2023-12-29,190.55047607421875,192.40124458871406,189.75869835988954,191.90638540499626,42672100,-0.5424090960026273,192.31068954467773,184.64205841064452
2024-01-02,183.73129272460938,186.50250680575422,181.99928581163158,185.2257618242656,82488700,-3.5786755772540424,192.03356704711913,184.84813415527344
2024-01-03,182.35560607910156,183.96885182302105,181.5440297827802,182.32591573673892,58414500,-0.748749233245638,191.77723083496093,185.0776986694336
2024-01-04,180.03964233398438,181.20750256721809,179.02023379077144,180.2771650380176,71983600,-1.2700260742806946,191.20764770507813,185.25857238769532
2024-01-05,179.3171844482422,180.8809414369887,178.31757423411605,180.11886909142459,62379700,-0.4012771167374307,190.6563751220703,185.41629821777343
2024-01-08,183.65213012695312,183.6917273170526,179.63387614033877,180.21780632812883,59144500,2.4174736470737868,190.22535095214843,185.70698089599608
2024-01-09,183.2364501953125,183.24634194188326,180.85122540618832,182.0289926299427,42841800,-0.22634092583259102,189.70228424072266,186.07257507324218
2024-01-10,184.27566528320312,184.48349768333688,182.02900036017593,182.4545871112419,46792900,0.5671443027754242,189.35637741088868,186.4326614379883
2024-01-11,183.68185424804688,185.1268499143514,181.73210757942329,184.62208381012638,49128400,-0.3222406139430589,188.90506744384766,186.73995086669922
2024-01-12,184.00840759277344,184.81998377301193,183.28591752878404,184.14696753794814,40477800,0.17778203843998863,188.30925521850585,187.0442822265625
2024-01-16,181.74197387695312,182.36548612847807,179.0697224204938,180.28708678689063,65603000,-1.2317011735877403,187.5926986694336,187.24002624511718
2024-01-17,180.80174255371094,181.04917214343425,178.44622312883942,179.40625114511818,47317400,-0.5173440692785469,186.85585327148436,187.34580017089843
2024-01-18,186.6905517578125,187.19530261085842,183.91933773499053,184.17665903424702,78005800,3.2570533452420447,186.49658432006837,187.5875372314453
2024-01-19,189.59043884277344,189.97642838325277,186.8786203129096,187.38337121910467,68903000,1.5533121829983454,186.23035049438477,187.83626953125
2024-01-22,191.896484375,193.32168117146784,190.2832386815117,190.32283587135973,60133900,1.2163300777730424,186.18383331298827,188.07992248535157
2024-01-23,193.1732177734375,193.73736447446063,191.83710707958323,193.01487431695855,42355600,0.6653240170583441,186.2085754394531,188.3279586791992
2024-01-24,192.50018310546875,194.36085808840235,192.34182457460193,193.41072200510203,53631300,-0.3484099274870034,186.25311203002929,188.57202209472655
2024-01-25,192.17359924316406,194.2520137003454,191.124500268323,193.21280647175473,54822100,-0.16965379306976835,186.30853500366212,188.72582427978514
2024-01-26,190.4416046142578,192.75754194727924,189.9665440310004,192.2725896171282,44594000,-0.9012656450872347,186.27240905761718,188.87665740966796
2024-01-29,189.7587127685547,190.2238816447227,187.63082415775594,190.0358327243265,47145600,-0.35858332904006307,186.1808609008789,188.96157531738282
2024-01-30,186.1066436767578,189.82799457367844,185.54251203451676,188.97683613469175,55859400,-1.924585721790406,185.95866928100585,188.9621694946289
2024-01-31,182.50405883789062,185.17631048108575,182.45458500160478,185.11691469411622,55467800,-1.9357636931674471,185.8973075866699,188.85706176757813
2024-02-01,184.93875122070312,185.02782223798647,181.93001441121828,182.0982647000541,64885400,1.3340483484671983,186.02646484375,188.8010433959961
2024-02-02,183.9391632080078,185.40394215196616,177.40701599262258,178.01074479617154,102551700,-0.5404967893951063,186.22144088745117,188.6901950073242
2024-02-05,185.75033569335938,187.3042007769885,183.92925752426459,186.21550453356022,69668800,0.9846584347583454,186.54309844970703,188.63160369873046
2024-02-06,187.35366821289062,187.36355995873058,184.8496822422945,184.93875326056028,43490800,0.8631653415572149,186.7281753540039,188.59181701660157
2024-02-07,187.46253967285156,189.08567701882757,186.6707620426896,188.67988890685803,53439000,0.0581101298946729,186.93947982788086,188.5807321166992
2024-02-08,186.38377380371094,187.59121634154823,185.42374576060666,187.44276462432762,40962000,-0.5754567664682408,187.04488525390624,188.55163513183595
2024-02-09,187.1468048095703,188.2765227675386,186.30446474496694,186.9485964735415,45155200,0.4093870353022,187.21813278198243,188.52572387695312
2024-02-12,185.46212768554688,186.96842336096995,185.1053738445565,186.72067805809255,41781900,-0.9001901612681329,187.2908187866211,188.48650756835937
2024-02-13,183.3711395263672,184.53060074172208,181.85493962465304,184.094566630165,56529500,-1.1274475200268252,187.3722770690918,188.3939907836914
2024-02-14,182.4891815185547,183.85674041023526,180.79461213824646,183.64864282656313,54630500,-0.48096882098814797,187.45664901733397,188.25829956054687
2024-02-15,182.20179748535156,182.82612045767794,179.71444020641266,181.89459574378543,65434500,-0.15748003843937264,187.23221130371093,188.15268890380858
2024-02-16,180.66578674316406,183.18288755084293,180.03155935687485,181.76577652013776,49752500,-0.8430272167380681,186.78597869873047,187.93737854003905
2024-02-20,179.9225616455078,180.78471053407532,178.3766332434525,180.15048310961222,53665600,-0.41138120894623764,186.18728256225586,187.72897705078125
2024-02-21,180.67572021484375,181.24057170015067,179.03068760645021,180.29914247718926,41371400,0.4186015152562339,185.56240768432616,187.49703918457033
2024-02-22,182.7071990966797,183.29188949706392,180.8144364958238,181.82522643308513,52292200,1.1243784607141816,185.07275848388673,187.27722747802736
2024-02-23,180.87388610839844,183.37114775196545,180.58649310326592,183.34141952676862,45119700,-1.003415846417277,184.50777282714844,187.07082916259765
2024-02-26,179.52618408203125,181.11174516126204,179.02077391854948,180.59644574912906,40867400,-0.7451059162622897,183.9620018005371,186.80719177246092
2024-02-27,180.98289489746094,182.2612539462515,177.94057546451762,179.4666949255866,54318900,0.8114196950591124,183.52321090698243,186.50835662841797
2024-02-28,179.78378295898438,181.46844774488684,178.50542403872535,180.86394869052037,48953900,-0.6625553973793719,183.20706787109376,186.1825701904297
2024-02-29,179.119873046875,180.92346630197014,177.9108746304469,179.63518756564144,136682600,-0.369282424244477,183.03785858154296,185.85419464111328
2024-03-01,178.0397186279297,178.90186759105143,175.78028228782205,177.93071007111854,73563100,-0.6030343817085226,182.6929069519043,185.53747039794922
2024-03-04,173.5208282470703,175.30458245485661,172.2226300679557,174.56134649455421,81510100,-2.538136105631028,182.17199020385743,185.10958465576172
2024-03-05,168.585693359375,170.48837518309247,168.09020282857864,169.21992063394748,95132400,-2.8441167193302808,181.3137580871582,184.62476196289063
2024-03-06,167.5947265625,169.6956168742887,167.1586924388991,169.51723240501005,68587700,-0.587811917564407,180.32581100463867,184.1230889892578
2024-03-07,167.475830078125,169.1902233947002,166.97043508778398,167.62447121611535,71765100,-0.07094285531153988,179.32647552490235,183.6404165649414
2024-03-08,169.19024658203125,172.13346248699506,167.41639656715574,167.47585303050033,76267000,1.0236799561503807,178.46679916381837,183.20291870117188
2024-03-11,171.19200134277344,172.8073055285168,170.49831753088682,171.3802901891083,60139500,1.183138390765115,177.6690589904785,182.8034762573242
2024-03-12,171.66766357421875,172.46045153320196,169.4676841705973,171.58838326620315,59825400,0.27785307007008875,176.9793357849121,182.40503601074218
2024-03-13,169.5866241455078,171.62804307697533,169.21995080494636,171.21183277143888,52488700,-1.212248938083338,176.29011001586915,181.98575897216796
2024-03-14,171.4397430419922,172.73792596009017,170.49831395125625,171.35055836544484,72913500,1.0927270389522903,175.737638092041,181.73992797851562
2024-03-15,171.06317138671875,171.06317138671875,168.75418335618096,169.62625165850892,121752700,-0.2196524846524106,175.1807067871094,181.51407928466796
2024-03-18,172.1532745361328,176.1072954101753,171.95508129819135,173.98659600973463,75604200,0.6372518062053745,174.7550811767578,181.35635192871095
2024-03-19,174.49195861816406,175.0171774056643,171.4694631572472,172.76764601394297,55215200,1.3584894555928928,174.48355102539062,181.25984741210937
2024-03-20,177.05860900878906,177.05860900878906,173.51089450186836,174.1352174960067,53423100,1.4709276066076749,174.30269546508788,181.1279769897461
2024-03-21,169.82444763183594,175.8892630091755,169.29922879245808,175.45322885093574,106181300,-4.085743933859787,173.6585578918457,180.85973693847657
2024-03-22,170.7262420654297,171.48930183291895,168.52626256417108,170.21092760104455,71160100,0.5310156730488957,173.15117568969725,180.5887484741211
2024-03-25,169.3091583251953,170.38932429506946,167.92177545566648,169.0316847755244,54288300,-0.8300327606878932,172.64032440185548,180.30129455566407
2024-03-26,168.179443359375,169.8740129173693,168.05061095138228,168.46682128354186,57388400,-0.6672497678184897,172.00015182495116,179.9847152709961
2024-03-27,171.7469482421875,172.0343412561863,168.575811446925,168.87310882923745,60273300,2.121249072747422,171.59831008911132,179.78481475830077
2024-03-28,169.93345642089844,170.67669234048742,168.97220342186947,170.20102558587905,65672700,-1.055909196553395,171.1389892578125,179.56744903564453
2024-04-01,168.49655151367188,169.70554992575666,167.9515087670476,169.64609346633853,46240500,-0.8455691642424878,170.6618309020996,179.2035690307617
2024-04-02,167.3172607421875,167.81275133793278,166.71276161053132,167.55510167176752,49329500,-0.6998901525819612,170.35165252685547,178.75810546875
2024-04-03,168.1199493408203,169.14065873561202,167.05960735256843,167.26770493028647,47691700,0.4797404613679612,170.32836532592773,178.2825747680664
2024-04-04,167.2974395751953,170.36947196785653,167.2974395751953,168.75416790697062,53704400,-0.489239836705857,170.3135009765625,177.76505920410156
2024-04-05,168.05059814453125,168.85329051832247,167.42627513328318,168.06050251317026,42104800,0.45019133063146644,170.3422393798828,177.2760675048828
2024-04-08,166.9307861328125,167.67402205960258,166.72268854116854,167.50555706407098,37425500,-0.6663540767380405,170.22926635742186,176.77121124267578
2024-04-09,168.13980102539062,168.54610700117138,166.8317135282985,167.17854792228746,42373800,0.7242611866790094,170.07665634155273,176.32517517089843
2024-04-10,166.266845703125,167.56502882108228,165.60289002910008,167.27765088979615,49709300,-1.1139274049591585,169.80661544799804,175.85533782958984
2024-04-11,173.46133422851562,173.87755961907308,166.6433941837476,166.82176353298163,91070300,4.327073443274809,170.00035095214844,175.602431640625
2024-04-12,174.95774841308594,176.7514221146486,172.63885584160187,172.68839280877705,101670900,0.862678816132556,170.17625122070314,175.4515054321289
2024-04-15,171.132568359375,175.03703722038412,170.94427948721847,173.77848669689703,73531800,-2.1863450395346096,170.17972106933593,175.17538177490235
2024-04-16,167.85240173339844,172.19288913903023,166.7524119884344,170.20102235595408,73711200,-1.916740137440276,169.9646774291992,174.85364654541016
2024-04-17,166.48484802246094,169.11094225529814,166.48484802246094,168.08032842085646,50901200,-0.8147358612774602,169.56432189941407,174.4683367919922
2024-04-18,165.5334930419922,167.11906901091456,165.0479219314042,166.51456987389489,43122900,-0.571436375002965,168.98806610107422,174.0319332885742
2024-04-19,163.51190185546875,164.89926951971245,162.6002009445124,164.7109957890585,68149400,-1.221258096698652,168.67243881225585,173.55292053222655
2024-04-22,164.34432983398438,165.75152141981465,163.28398774037723,164.0272236912775,48116400,0.5090932030448858,168.35334320068358,173.11213165283203
2024-04-23,165.39476013183594,165.54341638804536,163.43262154349364,163.85875133255257,49537800,0.6391643075928988,168.15762329101562,172.67709075927735
2024-04-24,167.4956512451172,167.77312477902248,164.71099641624178,165.03800691456527,48251800,1.2702283383141166,168.12343368530273,172.31776123046876
2024-04-25,168.35781860351562,169.07132637527934,166.63350563489078,168.00106471763377,50558300,0.5147401451854439,167.95397720336913,172.0174948120117
2024-04-26,167.7731170654297,169.79471202253325,167.6541890412428,168.3478879652858,44838400,-0.347296931580543,167.8459602355957,171.72317352294922
2024-04-29,171.9352264404297,174.4424074952563,171.5388400360099,171.80639405446584,68169400,2.4807963562939683,168.01789398193358,171.5178421020508
2024-04-30,168.79383850097656,173.41181476528868,168.46681287321124,171.76678225756265,65934800,-1.827076396436722,168.09172286987305,171.28040313720703
2024-05-01,167.7731170654297,171.15236652369296,167.58482822154218,168.05059058657778,50383100,-0.6047148667342905,168.07438125610352,171.03741424560548
2024-05-02,171.469482421875,171.8559644998941,169.34878317714927,170.95416794412498,94214900,2.2031928720760208,168.2829833984375,170.8532894897461
2024-05-03,181.7261505126953,185.313497878847,181.01264278710423,184.9666483851495,163224100,5.981628885765988,168.9667610168457,170.83366851806642
2024-05-06,180.0712127685547,182.53874644704828,178.79283846563771,180.70544017490002,78569700,-0.910676718497383,169.6237823486328,170.81761505126954
2024-05-07,180.75497436523438,183.23242749590466,179.68472791941784,181.79550770435065,77305800,0.37971732747672515,170.254541015625,170.8421908569336
2024-05-08,181.0919189453125,181.4189445721307,179.81354466582562,181.20092748758523,45057100,0.1864095753167483,170.99579467773438,170.84437133789064
2024-05-09,182.9053955078125,182.99458018096053,180.46757526022824,180.9135137471405,48983000,1.0014121961166245,171.4679977416992,170.90680358886718
2024-05-10,181.6451416015625,183.669478466616,180.73220418072017,183.48093424482693,50759500,-0.6890195353456252,171.80236740112304,170.95730895996093
2024-05-13,184.850341796875,185.66405574980115,183.20307828852305,184.0167922414492,72044800,1.7645394570161788,172.48825607299804,171.09352142333984
2024-05-14,185.9915313720703,186.8548647149755,184.8602810891409,186.07091921634225,52393600,0.6173586503017248,173.39521255493165,171.34293548583983
2024-05-15,188.2639617919922,189.1868170758504,185.93199122253947,186.46785537715886,70400000,1.221792413427658,174.4841682434082,171.7365008544922
2024-05-16,188.383056640625,189.6333963773736,188.20444533062346,189.0082265089993,52845200,0.06325950410221992,175.62664642333985,172.1522674560547
2024-05-17,188.41281127929688,189.34559954047234,187.72810435814964,188.0555735439889,41282900,0.015794753096409764,176.87169189453124,172.57100708007812
2024-05-20,189.5738525390625,190.4471038045087,187.55943303128691,187.87698445206195,44361300,0.616222034946734,178.13316802978517,172.97867919921876
2024-05-21,190.87379455566406,191.2508679069906,189.45476137627725,189.62345487533878,42309400,0.685717992851198,179.40711975097656,173.37231506347655
2024-05-22,189.4348907470703,191.34016861791716,188.80973611420333,190.79438668312676,34648500,-0.7538508950080791,180.50408172607422,173.7276596069336
2024-05-23,185.44578552246094,189.53416154393335,185.19770415918353,189.51431079519944,51005900,-2.105792237574411,181.35848007202148,174.04484283447266
2024-05-24,188.52198791503906,189.11738925170476,186.5968740870629,187.37090188140232,36327000,1.6588149382373185,182.39592361450195,174.38648773193358
2024-05-28,188.53189086914062,191.5187845976106,187.64872194997955,190.04021443649896,52280100,0.005252943813660593,183.2257568359375,174.73586212158204
2024-05-29,188.82957458496094,190.7745388343773,188.05556206266323,188.15480064928906,53068000,0.1578956825012412,184.22754364013673,175.0693881225586
2024-05-30,189.82191467285156,190.70508365256933,189.16699143181853,189.29598343446253,49889100,0.525521539765017,185.32998352050782,175.37598724365233
2024-05-31,190.77455139160156,191.09210277636024,188.45251367186646,189.9707702687458,75158300,0.5018581339208517,186.29523696899415,175.6503060913086
2024-06-03,192.54087829589844,193.49351725389894,191.04247253185534,191.41954585254337,50080500,0.9258713446905986,186.8359733581543,176.10463470458984
2024-06-04,192.85841369628906,193.82097037667646,191.54853713018946,193.14618134943933,47471400,0.16491843353005908,187.475333404541,176.54727813720703
2024-06-05,194.3667755126953,195.38886948576234,193.37445009094603,193.9003813531384,54156800,0.7821083807012963,188.15592346191406,177.04843048095702
2024-06-06,192.9874267578125,194.9919281725913,192.67980832687616,194.1881470745491,41181800,-0.7096628275302774,188.75069885253907,177.54459014892578
2024-06-07,195.37893676757812,195.42855606321456,192.65004206608782,193.1561225415401,53103900,1.2392050870582594,189.37437591552734,178.0172299194336
2024-06-10,191.6378631591797,195.7857909182053,190.6753063763642,195.3888517006261,97010200,-1.9147783636722315,189.8740119934082,178.45131805419922
2024-06-11,205.5601806640625,205.57011360777915,192.14395345618084,192.16378906024917,172373300,7.264909593214641,190.90950393676758,179.19259063720702
2024-06-12,211.4347686767578,218.51003809526938,205.3121079690946,205.77850209290926,198134300,2.857843378867164,192.18166580200196,180.07494079589844
2024-06-13,212.59576416015625,215.08649505325084,209.97602614095345,213.09192677850285,97862700,0.5491033904519993,193.39825592041015,180.96445709228516
2024-06-14,210.85922241210938,213.5186471242216,209.67835280423736,212.20878551515116,70122700,-0.8168280092065605,194.52206420898438,181.83569274902345
2024-06-17,215.0071258544922,217.2696263789355,211.08744385812574,211.73244926121387,93728300,1.9671434784465092,195.85177993774414,182.77482330322266
2024-06-18,212.64541625976562,216.95212026584522,211.36532307811277,215.92009330762266,79943300,-1.0984331730125363,197.0053581237793,183.68911590576172
2024-06-20,208.07077026367188,212.59578653831548,207.24715355520107,212.28815296354617,86172500,-2.1513024247395096,197.86520690917968,184.48773529052735
2024-06-21,205.89759826660156,210.26382387597764,205.5205097773767,208.77533580800622,241805100,-1.0444388677546712,198.68834228515624,185.28035034179686
2024-06-24,206.54258728027344,211.0675882243761,205.00448003735443,206.12581247138846,80727000,0.3132571817747509,199.74318237304686,185.94197540283204
2024-06-25,207.46546936035156,209.75773850908567,207.0089930344414,207.54484206411715,55549700,0.44682411130338995,200.6903564453125,186.59212982177735
2024-06-26,211.61338806152344,213.2110325348534,209.0234182045521,209.87681864015101,66213200,1.9993296783125114,201.84443130493165,187.4017462158203
2024-06-27,212.4568634033203,214.0842763709762,210.7202940415425,213.04233172557286,49772700,0.39859261718906414,203.02579574584962,188.29383544921876
2024-06-28,209.00355529785156,214.41174043740799,208.68601906723538,214.1140398112984,82542700,-1.6254161198422268,203.9848777770996,189.14420959472656
2024-07-01,215.08653259277344,215.84069445328046,210.29359904602236,210.46229254870087,60402900,2.9104659421955725,205.2004768371582,190.1352703857422
2024-07-02,218.5795135498047,218.6886699462021,213.44919320249295,214.4911227279333,58046200,1.6239886872157383,206.5024085998535,191.23662261962892
2024-07-03,219.8496856689453,219.8496856689453,217.34902153194005,218.31157833867707,37369800,0.5811030038966658,207.85197219848632,192.34672973632811
2024-07-05,224.60292053222656,224.71207692855523,219.94891212590596,219.94891212590596,60412400,2.162038507727848,209.3637794494629,193.53089294433593
2024-07-08,226.07154846191406,226.1013170084402,221.53661474646515,225.3471401186269,59085900,0.6538774857456797,211.01798553466796,194.70241088867186
2024-07-09,226.92495727539062,227.63943274976205,224.63268810415036,226.180713251394,48076100,0.3774950095590368,212.59528656005858,195.87375366210938
2024-07-10,231.1919403076172,231.29117889263895,227.49057123987387,227.54019053238477,62627700,1.8803498228924465,214.57299041748047,197.14213012695313
2024-07-11,225.82350158691406,230.6065022056456,224.0373128145247,229.61417679228308,64710600,-2.3220700140152095,215.58615646362304,198.2198956298828
2024-07-12,228.77069091796875,230.8545803134063,226.92496506939614,227.1631286162611,53046500,1.3050853034976884,216.45295257568358,199.41943267822265
2024-07-15,232.60104370117188,235.40932611038664,231.3010999839828,234.66508213718535,62631300,1.6743197163209045,217.45321655273438,200.7159912109375
2024-07-16,233.01785278320312,234.4567215545301,230.54695713829173,233.19646408342908,43234300,0.1791948459899162,218.56114807128907,201.94695861816408
2024-07-17,227.12344360351562,229.6836449661141,224.9006292447048,227.6890612108438,57345900,-2.5295955263872405,219.16696395874024,202.85490447998046
2024-07-18,222.45950317382812,228.67146993188885,220.5641731481692,228.51269423226466,66034600,-2.0534826153081887,219.65766830444335,203.70267028808593
2024-07-19,222.58848571777344,225.05938116686082,221.5663918696606,223.09458131167176,49151500,0.0579802355507919,220.38355407714843,204.53934051513673
2024-07-22,222.24118041992188,226.03185518490554,221.37784711424985,225.2677604657143,48201800,-0.156030217255676,221.20073318481445,205.36232574462892
2024-07-23,223.2831268310547,225.19832267550643,220.97100689389265,222.64803919770813,39960300,0.46883588773425355,222.03776016235352,206.16988037109374
2024-07-24,216.86279296875,223.0747598557794,215.46362561910502,222.28089648286087,61777600,-2.8754227663439047,222.50762634277345,206.8742333984375
2024-07-25,215.82081604003906,219.1550293615974,212.9728323822056,217.2497516278374,51391200,-0.48047750121021915,222.7179977416992,207.4936428833008
2024-07-26,216.2872314453125,217.80548795978973,214.35218497553956,217.02154248476683,41601300,0.2161123351451355,222.90951614379884,208.09955688476563
2024-07-29,216.56507873535156,217.61694112977094,214.09418328948692,215.29490356378676,36311800,0.1284621788269158,223.28759231567383,208.66557922363282
2024-07-30,217.1207733154297,218.63902977566391,214.4613337033208,217.50777956722112,41643800,0.25659473047230374,223.38930435180663,209.2403335571289
2024-07-31,220.37564086914062,222.10229262756218,218.9367719746318,219.7405531778278,50036300,1.4991046245871331,223.47911071777344,209.8795901489258
2024-08-01,216.68417358398438,222.7572001483694,215.35446119036925,222.64804374939,62501000,-1.67507954626811,223.3208351135254,210.4217965698242
2024-08-02,218.1726531982422,223.86860618805187,216.0391597412521,217.46809553371503,105568600,0.6869350860462697,222.99932174682618,210.96777374267577
2024-08-05,207.6639404296875,211.8614726265992,194.4957781490091,197.562059997048,119548600,-4.816695683214689,222.07894134521484,211.3323547363281
2024-08-06,205.6395721435547,208.3783997216886,199.52685967053256,203.72439154098564,69660500,-0.9748289866522319,221.01467208862306,211.73623046875
2024-08-07,208.20970153808594,212.00037630720823,204.80601788828693,205.31209833985366,63516400,1.24982237987592,219.86556015014648,212.12998474121093
2024-08-08,211.67291259765625,212.5560815310077,207.22729938249148,211.47445056104476,47161100,1.6633283819086575,219.15803070068358,212.59280517578125
2024-08-09,214.58042907714844,215.1162780786914,210.3431957915856,210.47220292637738,42201600,1.3735893004972022,218.4485176086426,213.107822265625
2024-08-12,216.1103973388672,218.07747160820446,214.1929998012183,214.65993379251097,38028100,0.7130045681699615,217.62398529052734,213.6335919189453
2024-08-13,219.8259735107422,220.44192247615112,217.58071280084246,217.58071280084246,44155300,1.7192954238332447,216.9643913269043,214.21462036132812
2024-08-14,220.27304077148438,221.5744891931242,218.2662191901357,219.13055181670978,41960600,0.2033732654982856,216.62187118530272,214.76926361083986
2024-08-15,223.25344848632812,223.87934187315213,221.30623303799138,223.1342364732981,46414000,1.3530515147950783,216.66156845092775,215.37716430664062
2024-08-16,224.5747833251953,225.34969177239586,222.19043681447837,222.45867901826594,44340200,0.5918541674612143,216.76088333129883,215.98132446289063
2024-08-19,224.41583251953125,224.51518597934856,221.58442566604344,224.2469437652095,40687800,-0.07077856351925815,216.8696159362793,216.609892578125
2024-08-20,225.03176879882812,225.68746521443902,223.97868888483964,224.2966078109087,30299000,0.2744620432443279,216.95704803466796,217.20294921875
2024-08-21,224.92250061035156,226.4921913011218,223.58131984717622,225.04172779494317,34765500,-0.04855678336432856,217.36003341674805,217.86864196777344
2024-08-22,223.06471252441406,226.84984597984075,222.43881906323927,226.30343225653021,43695300,-0.8259680916298695,217.72222824096679,218.21873260498046
2024-08-23,225.35963439941406,226.73063334528243,222.866020162344,224.187342377279,38677300,1.0288143960685003,218.17584838867188,218.4972299194336
2024-08-26,225.69740295410156,225.79675641202357,222.4288803537143,225.28014571740593,30602200,0.1498797935076679,218.63246459960936,218.7592626953125
2024-08-27,226.5418701171875,227.35652605602343,223.4223624308928,224.52511915345738,35934600,0.3741590076061563,219.10351943969727,219.07291564941406
2024-08-28,225.01193237304688,228.35993491185639,224.20720569696516,226.43259292076607,38052200,-0.675344360558694,219.33533401489257,219.27301177978515
2024-08-29,228.2903594970703,231.39993763712056,227.38630977427198,228.59834913803303,51906300,1.4570014529665665,219.91564331054687,219.58591064453125
2024-08-30,227.5055389404297,228.89639643358683,225.99545426270925,228.68777538921813,52990800,-0.3437817340905647,220.38228759765624,219.9746060180664
2024-09-03,221.31619262695312,227.50553099413642,219.7266282681139,227.05847075546578,50190600,-2.7205255495327485,221.06490020751954,220.28297790527344
2024-09-04,219.40870666503906,220.33263007260953,216.06068946962992,220.21341806110573,43840200,-0.8618826933866952,221.75335693359375,220.54030029296874
2024-09-05,220.92874145507812,224.00850159902006,220.07435325324454,220.1836359939166,36615400,0.6927869058358072,222.38930892944336,220.80956573486327
2024-09-06,219.37892150878906,223.7700744804958,218.33577084564575,222.4884846157397,48423000,-0.7015021839538171,222.774609375,220.9648764038086
2024-09-09,219.4683380126953,219.82598924771256,215.2957503769675,219.37892899374344,67180000,0.040758931300821644,223.01900482177734,221.1051058959961
2024-09-10,218.6735382080078,220.0345925843304,215.31559161387113,217.49130185519834,51591000,-0.36214782135978174,223.14716186523438,221.2985055541992
2024-09-11,221.20692443847656,221.63411098197892,216.4680492147489,220.01475867053273,44587100,1.1585243698114533,223.2162094116211,221.4209133911133
2024-09-12,221.31619262695312,222.09110108310472,218.38544755210194,221.04795042006705,37455600,0.0493963689219612,223.26836700439452,221.47564697265625
2024-09-13,221.04794311523438,222.57788625371046,220.461797151476,222.12089674811224,36766600,-0.12120645513313821,223.15809173583983,221.49961212158203
2024-09-16,214.9082794189453,215.80239985733417,212.52393298456082,215.12682972853557,59357400,-2.7775258207620612,222.67476654052734,221.3057192993164
2024-09-17,215.37521362304688,215.48449636527135,213.10016491936787,214.34200737227792,45519300,0.21727138915448307,222.2227355957031,221.09179260253907
2024-09-18,219.24977111816406,221.25659276615585,216.12031904206836,216.13026348358338,59894900,1.7989802215117034,221.93363571166992,220.93828887939452
2024-09-19,227.37637329101562,228.32018565098164,223.16405353373213,223.52170475455895,66781300,3.7065499003288593,222.05632934570312,220.8619775390625
2024-09-20,226.71075439453125,231.56884144729943,226.1345376792504,228.46920754640476,318679900,-0.2927388131186648,222.23863143920897,220.87972259521484
2024-09-23,224.99203491210938,227.95258288382507,224.336338501163,225.8563523524968,54146000,-0.7581111390202899,222.22025146484376,220.80414947509766
2024-09-24,225.88616943359375,227.85325878901892,224.25687274556688,227.15781488965328,43556100,0.3974071890294528,222.22968978881835,220.6698519897461
2024-09-25,224.89268493652344,225.80667911779153,222.5580303354434,223.46208007568333,42308700,-0.43981643478282484,222.14723052978516,220.5073486328125
2024-09-26,226.03521728515625,227.00881759745033,223.9389864593978,225.81665178414175,36636700,0.5080344649517121,222.19839477539062,220.48558410644532
2024-09-27,226.30343627929688,228.02215721764472,225.81664372013879,226.9690772008412,34026000,0.11866247983924882,222.09904861450195,220.5624627685547
2024-09-30,231.4794464111328,231.4794464111328,228.15130238402674,228.53875664504176,54541900,2.287199088505165,222.2977439880371,220.74028198242186
2024-10-01,224.7337646484375,228.15130254219565,222.27988260723768,228.02216122790813,63285000,-2.914160141334643,222.46862258911133,220.79013366699218
2024-10-02,225.30001831054688,225.8861642954019,221.56456176324298,224.41582711263038,32880600,0.2519664381519071,222.76318817138673,220.83047149658202
2024-10-03,224.197265625,225.3298253274289,221.8626109260752,223.67072564154154,34044200,-0.4894596519858574,222.9266143798828,220.97716094970704
2024-10-04,225.3199005126953,226.5120662505933,222.66732681912907,226.41271278943105,37245100,0.500735316537293,223.22366333007812,221.16714263916015
2024-10-07,220.24322509765625,224.2171205854488,219.8855738973866,223.0348842523572,39505400,-2.253096776399932,223.26240768432618,221.24626251220704
2024-10-08,224.29661560058594,224.5052366387564,221.79305702807565,222.83620769655573,31855700,1.8404155229439612,223.54356155395507,221.4008932495117
2024-10-09,228.0419921875,228.25062837641602,223.3627386107029,223.76012210676075,33591100,1.669831966427715,223.88531494140625,221.61931762695312
2024-10-10,227.54527282714844,228.00227752622936,225.68748134269669,226.29350107451606,28183500,-0.21781925143995462,224.196768951416,221.7627102661133
2024-10-11,226.0649871826172,227.9128492283195,225.85635099522128,227.8035664938185,31759200,-0.6505455490854017,224.44762115478517,221.95032653808593
2024-10-14,229.79054260253906,230.21772915238438,227.1081657950345,227.2075041009655,39882100,1.6480019601232465,225.19173431396484,222.18268432617188
2024-10-15,232.3238983154297,235.9401430278398,230.85354589755886,232.08545910083197,64751400,1.1024630013918735,226.03916854858397,222.6758834838867
2024-10-16,230.26739501953125,230.60517253033711,228.34005309673006,230.0885769817669,34082200,-0.8851880115692157,226.59004974365234,223.16843994140626
2024-10-17,230.6349639892578,232.3238817771462,229.01561181125544,231.90660939150177,32993800,0.15962701523390965,226.75297927856445,223.61694519042967
2024-10-18,233.4663848876953,234.63867690560429,232.4828401919167,234.63867690560429,46431500,1.2276633384040503,227.09076080322265,224.05281463623047
2024-10-21,234.93670654296875,235.3043021987925,232.91995571367772,232.91995571367772,36254500,0.6297787392308019,227.58799438476564,224.45994018554688
2024-10-22,234.32077026367188,234.67842149785605,231.0820505913223,232.36362533760988,38846600,-0.2621711559509854,228.00972442626954,224.82414764404297
2024-10-23,229.25404357910156,233.60546433739609,226.27362172475395,232.55238437433343,52287000,-2.162303699697188,228.22779235839843,225.01270904541016
2024-10-24,229.0653076171875,229.3136761173618,226.91940013747097,228.47914643577636,31109500,-0.0823261212616,228.379296875,225.1885543823242
2024-10-25,229.8998260498047,231.69801159617745,228.07183749564092,228.24072625952675,38802300,0.36431463205761627,228.5591163635254,225.32148193359376
2024-10-28,231.87681579589844,233.19813797949908,231.032372026897,231.7973512193415,36087100,0.8599352944553607,228.57898483276367,225.46752258300782
2024-10-29,232.14505004882812,232.80074647701065,230.80386934668286,231.57877779482254,35417200,0.115679634468413,228.9495491027832,225.62210693359376
2024-10-30,228.59837341308594,231.9463759413976,228.05195968136482,231.0919876952183,47070900,-1.527784734154869,229.11446685791014,225.69343902587892
2024-10-31,224.43569946289062,228.330115454563,223.89921505082026,227.84330777090054,64370100,-1.820955192307161,229.1263885498047,225.6837030029297
2024-11-01,221.4552764892578,223.87935529424118,218.83250593091054,219.5279346472888,65276700,-1.3279629670170268,228.93315734863282,225.65151428222657
2024-11-04,220.56114196777344,221.33605042122997,218.2761640538016,219.54780947276666,44944500,-0.4037539929773293,228.94905319213868,225.55554443359375
2024-11-05,221.9917449951172,222.4884819564664,219.6968226591573,220.35251908634842,28111300,0.648619704531983,228.83380966186525,225.48143127441406
2024-11-06,221.26651000976562,224.59465366535846,219.7464961432124,221.15722727351368,54561100,-0.3266945738759408,228.49503555297852,225.37592407226563
2024-11-07,225.9954376220703,226.39283627600352,223.1044401056504,223.16404611393824,42137700,2.1372089305769615,228.41754379272462,225.3955941772461
2024-11-08,225.72694396972656,227.41770491673495,225.17992905795916,225.93579455138124,38328800,-0.11880489941250572,228.40064163208007,225.34432586669922
2024-11-11,223.01174926757812,224.47376393957063,220.29658566640109,223.77757009002366,42005600,-1.2028669038786077,228.06170196533202,225.2544500732422
2024-11-12,223.01174926757812,224.36436096493557,222.14648085284745,223.33001798502116,40398300,0.0,227.59609451293946,225.28836120605467
2024-11-13,223.89691162109375,225.4185978724207,221.54973296285615,222.79294167641658,48566200,0.3969128785468401,227.27757034301757,225.3781253051758
2024-11-14,226.98008728027344,227.62654977508777,223.77758025105393,223.79747584076947,44923900,1.3770514460679228,227.09482650756837,225.49915222167968
2024-11-15,223.77757263183594,225.68713943052106,223.0515429787679,225.16996034674554,47923700,-1.4109231725173532,226.6103858947754,225.58712524414062
2024-11-18,226.78115844726562,228.49181480220403,223.94663659117114,224.02620376766677,44633700,1.3422193207767386,226.20260848999024,225.73338165283204
2024-11-19,227.0397491455078,228.90953992555222,225.4285554930197,225.74680903538962,36211800,0.11402653554322129,225.83855743408202,225.90070587158203
2024-11-20,227.75582885742188,228.68076882556113,224.66272507245372,226.82093350733243,35169600,0.3153983893168899,225.76364669799804,226.03168395996093
2024-11-21,227.27845764160156,228.90954693288327,224.48372676835862,227.63650237265796,42108300,-0.2095978040233426,225.67430419921874,226.15092926025392
2024-11-22,228.62112426757812,229.46651233539,226.82096032466632,226.82096032466632,38168300,0.5907584202695659,225.61036911010743,226.30239288330077
2024-11-25,231.6048126220703,231.98275293866183,228.49182822914253,230.20248468460477,90152800,1.3050799063520024,225.596768951416,226.63632354736328
2024-11-26,233.7829132080078,234.29015208323423,232.06231657216094,232.06231657216094,45986200,0.9404383964558116,225.678662109375,227.0044775390625
2024-11-27,233.65362548828125,234.4095061449918,232.53971526898803,233.19613315216662,33498400,-0.055302467555240487,225.93142471313476,227.29255462646483
2024-11-29,236.04058837890625,236.51797629056327,232.698842645531,233.5342752849028,28481400,1.0215817904116964,226.51166915893555,227.46583892822267
2024-12-02,238.28829956054688,239.4817769036961,235.8715090788613,235.9809120539101,48137100,0.9522562187620265,227.3533203125,227.69738983154298
2024-12-03,241.33168029785156,241.441083276618,237.60205398884364,238.50711361537608,38861000,1.2771842943683387,228.3918472290039,228.0241827392578
2024-12-04,241.68971252441406,242.78374225546824,239.9392801306149,241.55047375645148,44383900,0.14835691116914518,229.37674560546876,228.3402536010742
2024-12-05,241.7195587158203,243.21140922639395,240.81451427308068,242.6644095132275,40033900,0.01234897054347428,230.39939804077147,228.67679107666015
2024-12-06,241.52064514160156,243.3009285590703,240.76477968960373,241.5902721155965,36870600,-0.08229105467324471,231.17565841674804,228.98649963378907
2024-12-09,245.40940856933594,245.89675186527563,240.43657354260168,240.516140724136,44649200,1.6101163631185411,232.1597816467285,229.36861907958985
2024-12-10,246.42385864257812,246.86147053083658,244.00705305092782,245.54863486606115,36914800,0.41337048940224275,233.33038711547852,229.66750732421875
2024-12-11,245.1508026123047,249.43738355757404,244.92204129682997,246.61281718111218,45205800,-0.516612326941901,234.43733978271484,230.07584808349608
2024-12-12,246.6128387451172,247.3885997871069,244.34521203481492,245.54864477609476,32777500,0.5963823561796255,235.57313613891603,230.5021044921875
2024-12-13,246.7819061279297,247.9355922748061,244.90217516923994,246.47359279661413,33155300,0.0685557912040613,236.56322708129883,230.9537973022461
2024-12-16,249.67608642578125,250.01425073054844,246.3045049916291,246.6426692963963,51694800,1.1727684347941025,237.8581527709961,231.4409210205078
2024-12-17,252.1028289794922,252.45093348613432,248.42293425963442,248.72130738305802,51356400,0.9719563408938203,239.1242362976074,232.07811309814454
2024-12-18,246.7023468017578,252.89849494785605,246.39403346062903,250.7900177691265,56774100,-2.1421743657520365,240.10736618041992,232.52622772216796
2024-12-19,248.43287658691406,250.6308762664829,245.7475488049507,246.15532490458142,60882300,0.7014646628176857,241.14121856689454,232.93404541015624
2024-12-20,253.10736083984375,253.6145845456153,244.35516822034685,246.69239156062656,147495300,1.8815884262783245,242.43266372680665,233.44528717041015
2024-12-23,253.8831024169922,254.26102752773247,252.07298333460633,253.38581895601413,40858800,0.3064871659893331,243.69576263427734,234.00164947509765
2024-12-24,256.7972106933594,256.80713572411884,253.90300191480816,254.10192745486222,23234700,1.1478149780842495,244.95538253784179,234.54178283691405
2024-12-26,257.61273193359375,258.6868812844183,256.23029959445824,256.78725468311694,27237100,0.3175740258363646,246.1468734741211,235.04755950927733
2024-12-27,254.2013702392578,257.29448932345014,251.68511699924173,256.42919055718573,42355300,-1.324220922130237,247.17426071166992,235.52623901367187
2024-12-30,250.8297882080078,252.1227283114492,249.38766912858338,250.85962400320443,35557500,-1.326342980793782,247.913720703125,235.93013549804687
2024-12-31,249.05946350097656,251.90392569582917,248.07483671879714,251.0684930674946,39480700,-0.705787267006408,248.4522789001465,236.2419970703125
2025-01-02,242.52516174316406,247.74663833648884,240.50619200781614,247.57754859678104,55740700,-2.6235910356350978,248.5119529724121,236.3937661743164
2025-01-03,242.03781127929688,242.853348279154,240.57579666249651,242.03781127929688,40244100,-0.20094841309014067,248.52935791015625,236.5481069946289
2025-01-06,243.66891479492188,245.98625772407811,241.87869116125097,242.98266113735735,45045600,0.6739044230336333,248.62682571411133,236.8364044189453
2025-01-07,240.8940887451172,244.21593900697974,240.03876048613398,241.6598944370817,40856000,-1.138768994042616,248.59549789428712,237.0729800415039
2025-01-08,241.38140869140625,242.38593107741448,238.74581220273618,240.6056476428208,37628900,0.20229634891733017,248.39409790039062,237.30261169433595
2025-01-10,235.56317138671875,238.85518532841934,231.73408283180441,238.70599119102164,61710900,-2.4103916437598683,247.85106353759767,237.37633880615235
2025-01-13,233.12649536132812,233.39503269669683,228.47192915300568,232.2612269401141,49630700,-1.034404491604668,247.24984817504884,237.39596771240235
2025-01-14,232.01258850097656,234.8371551382162,231.20699165927476,233.47460320476435,39435300,-0.4778122103303195,246.51983566284179,237.46425201416017
2025-01-15,236.57765197753906,237.66174156203553,233.15633900368562,233.36520475508792,39832000,1.967593011248736,246.00962295532227,237.70709106445312
2025-01-16,227.0198516845703,236.7168796666606,226.79110553013876,236.06047699847062,71759100,-4.040026694438648,244.8768112182617,237.81838256835937
2025-01-17,228.7305145263672,231.0279618693864,227.2386640256131,230.85888730040747,68488300,0.7535300675703516,243.70819549560548,237.98177001953124
2025-01-21,221.43040466308594,223.20073277609362,218.18812158355374,222.78301644137267,98070400,-3.1915767244250715,242.44459838867186,237.97054321289062
2025-01-22,222.61392211914062,222.90233985709415,218.59586314481808,218.59586314481808,64126500,0.5344873292606023,241.1536506652832,237.99749145507812
2025-01-23,222.44485473632812,225.7965406078772,221.09224303438072,223.51898889751178,60234800,-0.07594645528145039,239.62052536010742,237.92647979736327
2025-01-24,221.5696258544922,224.4041477572621,220.2070739772995,223.55875977197638,54697900,-0.39345881156629403,238.0048515319824,237.84333343505858
2025-01-27,228.6111602783203,230.88871192185238,222.76310174211312,222.80289291870474,94863400,3.1780233399195223,236.59554901123047,237.95532165527345
2025-01-28,236.9655303955078,238.88505261672515,229.5560092044273,229.59580038333414,75707600,3.654401695445042,235.56318893432618,238.23439727783204
2025-01-29,238.05953979492188,238.5568232574634,232.73860067537262,232.84800364416722,45486100,0.4616744880945767,234.75609741210937,238.51764984130858
2025-01-30,236.29916381835938,239.48177510143526,235.9212386876704,237.37329797187644,55658300,-0.7394687808264244,234.02956619262696,238.70403137207032
2025-01-31,234.71778869628906,245.84699474947953,232.1716998572169,245.84699474947953,100959800,-0.6692258645848992,233.31248245239257,238.9228356933594
2025-02-03,226.77122497558594,230.5704783469237,224.47377754488917,228.74047863837345,73063300,-3.385582219754768,232.52478561401367,238.92263702392577
2025-02-04,231.53518676757812,231.8633956790269,225.4185909783935,226.01533721300711,45067300,2.100778788184021,231.99965438842773,239.01254577636718
2025-02-05,231.2069854736328,231.4058958330951,227.0298072213747,227.2883891710869,39620300,-0.14175007199868084,231.37655792236328,239.0815689086914
2025-02-06,231.95291137695312,232.5297620441898,229.17806101517482,230.03338922164468,29925300,0.3226225634110014,230.92949905395508,239.17505798339843
2025-02-07,226.39328002929688,232.72866665415378,226.0252799376335,231.33627899238985,39707200,-2.3968793125519916,230.18009262084962,239.1305010986328
2025-02-10,226.662109375,229.58935370973873,226.21406518332185,228.57379092662126,33115600,0.11874440163079925,229.73503952026368,239.0316470336914
2025-02-11,231.61053466796875,234.2092091135714,227.1400288616486,227.20971719471092,53718400,2.1831726999336443,229.65924148559571,238.98819946289063
2025-02-12,235.84210205078125,235.93172304376256,229.67896101319025,230.19670873650108,45243300,1.8270185287032614,229.85071716308593,239.0319689941406
2025-02-13,240.4818878173828,241.28837041996871,234.54775953627293,235.88194100703416,53614100,1.967327176214928,230.04592895507812,239.12079498291016
2025-02-14,243.53855895996094,244.484433375407,239.94422402720738,240.2030902821229,40896200,1.2710608563166748,230.87186431884766,239.22580017089842
2025-02-18,243.4091033935547,244.11601378188342,240.79051163485408,243.0904847676353,48822500,-0.05315608623089885,231.60579376220704,239.2673486328125
2025-02-19,243.807373046875,244.94242536854557,242.10480216065562,243.5982928571997,32204200,0.16362151117921275,232.7246421813965,239.3097018432617
2025-02-20,244.76321411132812,245.70908851524857,243.2298884862767,243.87707690453925,32316900,0.39204764503546485,233.83210678100585,239.37057495117188
2025-02-21,244.48443603515625,247.61080936192474,244.15586625078134,244.88269415360097,53197400,-0.11389704828973501,234.93408584594727,239.42985076904296
2025-02-24,246.0277099609375,247.7800669312537,243.3593319822528,243.86711335623195,51326400,0.6312360618159429,236.15699005126953,239.442216796875
2025-02-25,245.96795654296875,248.91511822751468,243.84721006662005,246.92379728169456,48013300,-0.024287271534673138,237.02482986450195,239.43309875488282
2025-02-26,239.31695556640625,243.91690216055417,238.0922974197643,243.26972892021308,44433600,-2.7040111525261312,237.14240112304688,239.31642181396484
2025-02-27,236.27024841308594,241.40786042901627,236.0312844149354,238.37109275336516,41153600,-1.273084535990976,237.05293655395508,239.1095700073242
2025-02-28,240.79052734375,241.03944246427386,229.2010399398617,235.92174819400608,56833400,1.9131816049733796,237.27750473022462,238.98974243164062
2025-03-03,236.9970703125,242.97103338088397,235.08540395372597,240.7407483660274,47184000,-1.5754178842070865,237.39146881103517,238.736162109375
2025-03-04,234.9061737060547,239.02822274747484,233.6615980851158,236.6784633674393,53798100,-0.8822457609658607,237.7982162475586,238.39222900390624
2025-03-05,234.7169952392578,235.5234777567522,228.23523611666363,234.3983766092207,47227600,-0.08053362915595441,237.9573066711426,238.15252197265625
2025-03-06,234.30877685546875,236.82779659290307,232.14819548977783,233.42263965762712,45170400,-0.17391939743134355,238.11239624023438,237.87003997802734
2025-03-07,238.03256225585938,240.32256924437755,233.74125275300776,234.08974000390756,46273600,1.5892641540643737,238.4163787841797,237.56854400634765
2025-03-10,226.4928436279297,235.13518456664028,223.24699590534985,234.5178647329352,72071200,-4.847957993043717,238.42135696411134,237.02073883056642
2025-03-11,219.88165283203125,224.8599551431671,216.50636447278404,222.8387656202518,76137400,-2.9189402587743385,238.08233413696288,236.28242767333984
2025-03-12,216.03842163085938,220.78772670269151,213.97741219492326,219.18471261137486,62547500,-1.7478635218863614,237.30372848510743,235.45094146728516
2025-03-13,208.77008056640625,215.899013195213,207.51555384047248,215.01287598245443,61368300,-3.3643742671256915,235.95012741088868,234.5423156738281
2025-03-14,212.5635528564453,213.02154815111564,208.67051688888432,210.3332680009786,60107600,1.8170574441256804,234.5542106628418,233.7769909667969
2025-03-17,213.07135009765625,214.28605714072168,209.0588394397278,212.3843419118567,48073400,0.23889196166846371,233.03085021972657,233.05722869873046
2025-03-18,211.76702880859375,214.21634506867483,210.57223927739028,213.23065092190424,42432400,-0.6121523557553354,231.44874649047853,232.44206604003907
2025-03-19,214.30596923828125,217.8106832228152,212.8224296395377,213.29039128502816,54385400,1.1989309402751003,229.97367630004882,231.88742919921876
2025-03-20,213.17091369628906,216.5462020975973,211.29906714235267,213.0613904363763,48862900,-0.5296425228035306,228.39406127929686,231.2774691772461
2025-03-21,217.3228302001953,217.8903488075446,210.36315756009637,210.6419412957371,94127800,1.9476937223347424,227.03598098754884,230.80604400634766
2025-03-24,219.77215576171875,220.51890119737195,217.63149158987616,220.04098837247486,44299500,1.1270447560742358,225.72320327758788,230.37385894775392
2025-03-25,222.77903747558594,223.12752472855482,219.1249652538438,219.81197343150768,34493600,1.3681813801414089,224.56375732421876,230.11817626953126
2025-03-26,220.56866455078125,224.04352508950674,219.51326687455483,222.5400680439697,34466100,-0.9921817374971442,223.6263427734375,229.8670196533203
2025-03-27,222.8786163330078,224.0136687326393,219.60288467242046,220.42928473771144,37094800,1.0472710559004783,222.9567611694336,229.68434020996094
2025-03-28,216.95440673828125,222.83876366462027,216.7353602231078,220.70805090185615,39818600,-2.6580430604769556,221.76495513916015,229.29187530517578
2025-03-31,221.16607666015625,224.64092215942225,215.29167046357225,216.06828445549021,65299300,1.9412695898616494,220.97340545654296,229.1747998046875
2025-04-01,222.22146606445312,222.70932997882656,217.95007407622174,218.85612876373423,36412700,0.4771931664359963,220.33917007446288,229.04461883544923
2025-04-02,222.9184112548828,224.212772841887,220.06087070560943,220.35957187069846,35905900,0.3136264028730462,219.74924087524414,229.07437896728516
2025-04-03,202.30824279785156,206.58958563447752,200.37665915579902,204.64803566499702,103419000,-9.24561068823776,218.1492141723633,228.66826538085937
2025-04-04,187.56253051757812,199.01262630823254,186.52703508606032,193.0486144227304,125910900,-7.288735286484349,215.6257125854492,227.97061889648438
2025-04-07,180.6725616455078,193.30748067285785,173.86223225537526,176.43103817745248,160466300,-3.673424992218577,213.33469848632814,227.1526776123047
2025-04-08,171.67178344726562,189.5140179775097,168.47572171547168,185.88981432593783,120859500,-4.9818180006227735,210.92420501708983,226.0138900756836
2025-04-09,197.98709106445312,199.7394480269994,171.14407803694525,171.20381523449285,184395900,15.32884850891707,210.02163848876953,225.2343212890625
2025-04-10,189.5936737060547,193.93475416517637,182.20587449762067,188.24954112448538,121880000,-4.239376069051914,209.06281814575195,224.26500396728517
2025-04-11,197.2901153564453,198.67408279715283,185.2525839628914,185.2924188893916,87435900,4.059440117354951,208.29914627075195,223.48482299804687
2025-04-14,201.6411590576172,212.01593914767514,200.28706023476008,210.52244846919626,101352900,2.205403800038752,207.72763671875,222.82329040527344
2025-04-15,201.26280212402344,202.62685207462172,198.93296032454862,200.98401841430368,51343900,-0.18763874169441808,207.2024253845215,222.31312194824218
2025-04-16,193.42697143554688,199.82906121923162,191.5352073519423,197.49921927320653,59732400,-3.893332799593996,206.15847549438476,221.55095764160157
2025-04-17,196.12521362304688,197.96719174329118,193.5763250102755,196.34426016251078,52164700,1.3949668794763115,205.30619049072266,220.84932220458984
2025-04-21,192.32179260253906,192.9590147372882,188.98632373298676,192.43131586910098,46742500,-1.9392820281730838,204.05613861083984,220.05669982910158
2025-04-22,198.8732452392578,200.715208155226,195.1196006832811,195.26894368988752,52976400,3.4065056008802275,203.0111930847168,219.5062991333008
2025-04-23,203.71214294433594,207.09738254349836,201.9199510184256,205.10606155750318,52929200,2.433156707055595,202.0578483581543,219.0472998046875
2025-04-24,207.46575927734375,207.92376976062596,202.05933042602183,204.00086522918792,47311000,1.8426080442506931,201.40270309448243,218.564404296875
2025-04-25,208.371826171875,208.8397878176709,205.30519003897632,205.47445049920006,38222300,0.43673081171915484,200.67736358642577,218.0149987792969
2025-04-28,209.2281036376953,210.5822025692478,206.55974070372147,209.08871177088434,38743100,0.4109372565147096,200.2910484313965,217.38992309570312
2025-04-29,210.29344177246094,211.3189707788267,207.4657546631633,207.78437328663372,36827600,0.5091754483472322,199.7474166870117,216.72502075195314
2025-04-30,211.57785034179688,212.65316547487808,205.7731479657814,208.39173986928208,52286500,0.610769674275291,199.2152359008789,216.08839569091796
2025-05-01,212.39431762695312,213.62892699621815,207.99348458901505,208.17271138967982,57365700,0.3858944988037516,198.68903121948242,215.46013458251954
2025-05-02,204.45889282226562,206.0917754590827,201.2827333487594,205.19567188008233,101010600,-3.736175662959673,198.79656372070312,214.65404815673827
2025-05-05,198.02691650390625,203.21431440062256,197.34987465543003,202.21865389928206,69018500,-3.1458530512295413,199.31978302001954,213.7248977661133
2025-05-06,197.6485595703125,199.77927242381972,196.16503515467957,197.3498735756035,51216500,-0.19106338687361335,200.16858291625977,212.7573147583008
2025-05-07,195.39837646484375,198.574535944944,192.41139491378883,198.30570335142838,68536700,-1.1384768552630153,201.35491256713868,211.7459231567383
2025-05-08,196.63299560546875,199.18188402861682,193.83517686729027,196.86199326420865,50478900,0.6318471846909812,201.28720779418944,210.89224395751953
2025-05-09,197.66847229003906,199.6697443694255,196.6827629534363,198.1364339272832,36453900,0.526603727610353,201.69094772338866,210.1202084350586
2025-05-12,210.15049743652344,210.6290521628615,206.1227607044075,210.32995926202443,63775800,6.314626203094997,202.33396682739257,209.50740783691407
2025-05-13,212.28399658203125,212.75257189298435,208.36592688565332,209.79158118866218,51909300,1.015224408951143,202.8661087036133,209.0131463623047
2025-05-14,211.68580627441406,213.29092224655892,209.9411156617564,211.78549375335473,49325800,-0.2817877547288572,203.38725891113282,208.54873901367188
2025-05-15,210.80848693847656,212.31391554357438,208.90427796298633,210.31000386923802,45029500,-0.41444410061211023,204.2563346862793,208.07056884765626
2025-05-16,210.6190643310547,211.92510277199543,209.1335944967917,211.71573318604425,54737900,-0.0898553042967154,204.98102722167968,207.59677459716798
2025-05-19,208.14659118652344,208.84446444770495,203.64029993754312,207.27923550566183,46140500,-1.1739075721298287,205.77226715087892,206.99905517578125
2025-05-20,206.232421875,207.83753801206538,204.40797196423648,207.03996203611737,42496600,-0.9196255872420789,206.140225982666,206.59384674072265
2025-05-21,201.47689819335938,206.4118779017609,200.10109516487896,204.54755595275296,59211800,-2.30590497769696,206.0284637451172,206.2257516479492
2025-05-22,200.74911499023438,202.13489740214874,199.0941474443519,200.1010930441042,46742400,-0.3612241451258269,205.69263153076173,205.9199655151367
2025-05-23,194.67758178710938,197.10020219746903,192.8730755135501,193.0824298832746,78432900,-3.024438341070823,205.00791931152344,205.63811553955077
2025-05-27,199.60260009765625,200.1309909415137,196.83102019804124,197.6983910952664,56288500,2.529833309688767,204.5266441345215,205.378896484375
2025-05-28,199.81195068359375,202.11494001836002,199.2935240345892,199.98143310081724,45339700,0.10488369682313259,204.00256958007813,205.11370849609375
2025-05-29,199.34336853027344,203.19165828241367,197.90773491315443,202.96236033905296,51396800,-0.23451157536734657,203.39084548950194,204.86523529052735
2025-05-30,200.24066162109375,201.3472946799051,196.18300200128658,198.7651407343476,70819900,0.4501243745582917,202.78316268920898,204.5839291381836
2025-06-02,201.08807373046875,201.51677709467234,199.51286535414474,199.67238359256916,35423300,0.4231968185255619,202.61462173461913,204.3422723388672
2025-06-03,202.6533203125,203.1518034040851,200.35033086337637,200.73914706631285,46381600,0.7783885702387527,202.84594192504883,204.04888214111327
2025-06-04,202.20468139648438,205.6143037964219,201.48686455307688,202.29440469878628,43604000,-0.22138246505105652,203.07374801635743,203.6975326538086
2025-06-05,200.0213165283203,204.12881205428334,199.54276184010462,202.8826044104843,55126100,-1.0797795842732771,203.30489501953124,203.24237823486328
2025-06-06,203.3013458251953,205.07594444547604,201.43702389784912,202.38413874603313,46607700,1.6398398699723593,203.63831253051757,202.89703186035158
2025-06-09,200.8388214111328,205.3750202901374,199.41316716451473,203.76990423179717,72862600,-1.2112681320761376,203.79682998657228,202.45623596191408
2025-06-10,202.0551300048828,203.73004106569937,199.96151019448254,199.99141796230995,54672600,0.6056142857262303,203.39206161499024,202.1582504272461
2025-06-11,198.1769256591797,203.8795731269679,197.80805305990708,202.88260699920767,60989900,-1.9193793028711492,202.68670806884765,201.69846740722656
2025-06-12,198.5956573486328,199.07419684911244,196.7612432530472,198.47602627663701,43904600,0.21129184846335747,202.0322006225586,201.22595123291015
2025-06-13,195.85398864746094,199.76209396079906,195.1062640673262,199.12403626091725,51447300,-1.3805280225029803,201.28447570800782,200.68466278076173
2025-06-16,197.81802368164062,198.08720880439395,195.96366601516638,196.701426450214,43020700,1.002805736938539,200.6444236755371,200.5948583984375
2025-06-17,195.0464630126953,197.7881200100286,194.61777485692886,196.60172782081946,38856200,-1.4010657964138473,199.9894172668457,200.74453704833985
2025-06-18,195.9835968017578,196.97059871241268,194.4781834746436,195.34553910938874,45394700,0.4804669485349855,199.4769760131836,201.05075775146486
2025-06-20,200.3902130126953,201.0880863339216,196.26277341287403,197.63859168364695,96813500,2.2484617502937843,199.4226417541504,201.62512634277343
2025-06-23,200.888671875,201.686247808318,198.3563846401482,201.01828233775666,55814300,0.24874411519943962,199.42961959838868,201.68315795898437
2025-06-24,199.6923065185547,202.82277936444737,199.59260382672892,201.9753521214132,54064000,-0.595536495551996,199.68035583496095,201.88513061523437
2025-06-25,200.948486328125,203.052085424857,200.01133575244882,200.83881944772682,39525700,0.629057689537782,199.74765014648438,201.95829803466796
2025-06-26,200.3902130126953,202.02523702778157,198.85489170599743,200.81890119127095,50799100,-0.2778191195320079,199.77656326293945,201.93327911376954
2025-06-27,200.469970703125,202.6034778198992,199.39324535272064,201.27751091280393,73188600,0.039801190502575245,199.83289337158203,201.91742248535155
2025-06-30,204.5475311279297,206.76079706763053,198.65545787730727,201.39711462840114,91912800,2.034000608920694,200.04823684692383,202.13983367919923
2025-07-01,207.18951416015625,209.55231908550664,205.51460310500556,206.04299395149746,78788900,1.2916230362977066,200.3533088684082,202.3611196899414
2025-07-02,211.7954864501953,212.69274987948137,207.5085290616707,208.2761972389462,67941800,2.223072103194701,200.81041717529297,202.75059356689454
2025-07-03,212.90213012695312,213.9987837940836,211.16740350258758,211.5063683517463,34955800,0.5225057886292905,201.3452896118164,203.03117126464844
2025-07-07,209.3130340576172,215.57398008038285,208.16652910348648,212.03474730839852,50229000,-1.6857962234552382,201.80987548828125,203.14318908691405
2025-07-08,209.3728485107422,210.78853856973336,207.81758380403343,209.46258702266434,42848900,0.028576554438819457,202.1134506225586,203.18133087158202
2025-07-09,210.4994354248047,210.6888614301138,206.59132988433592,208.8943192909964,48749400,0.5380768910944633,202.5964813232422,203.22388305664063
2025-07-10,211.7655792236328,212.83232507172787,209.39279496736208,209.87133445003573,44443600,0.6014951043801897,203.08200378417968,203.27463256835938
2025-07-11,210.5193634033203,211.48642172848318,209.22330444266433,209.93115706069412,39765800,-0.5884883770447158,203.69912567138672,203.27915100097655
2025-07-14,207.98707580566406,210.27013683517245,206.91035052542594,209.29309904361602,38840100,-1.2028763324753222,204.16869659423827,203.2073355102539
2025-07-15,208.4755859375,211.24715053377864,208.28615994072268,208.5852528191871,42296300,0.23487523440752778,204.79977645874024,203.12896087646484
2025-07-16,209.52239990234375,211.75559423754484,208.00700716596054,209.6619745482938,47490500,0.5021278439565569,205.3849952697754,203.2302310180664
2025-07-17,209.38284301757812,211.1574416148312,208.95413964633332,209.93117746335784,48068100,-0.06660714311723659,206.10181427001953,203.45734954833983
2025-07-18,210.539306640625,211.1474566075158,209.06380098140497,210.23024956462245,48974600,0.552320145423657,206.8295997619629,203.7151644897461
2025-07-21,211.83535766601562,215.12534891613055,210.98794558852114,211.45652088357517,51377400,0.6155862513610666,207.4018569946289,204.04390411376954
2025-07-22,213.74954223632812,214.29787667610697,211.5861274580158,212.49337032996837,46404100,0.9036190140318423,208.0449005126953,204.38623504638673
2025-07-23,213.5002899169922,214.4972560435483,211.76557859278188,214.3477172095632,46989300,-0.11660952193308649,208.73529968261718,204.7028713989258
2025-07-24,213.11148071289062,215.03563331063384,212.8821827557749,213.25105536667797,46022600,-0.18211179209767225,209.34344940185548,204.76209106445313
2025-07-25,213.2311248779297,214.58699944946258,212.7525701732737,214.04862920984866,40268800,0.056141585914959435,209.9854949951172,204.7810336303711
2025-07-28,213.40060424804688,214.19818019857897,212.41360229785764,213.3806606658472,37858000,0.07948153451529105,210.63202667236328,204.81532958984374
2025-07-29,210.6290283203125,214.15828155569844,210.18039662608902,213.53018805628847,51411700,-1.2987666728969671,210.93610153198242,204.81174041748048
2025-07-30,208.415771484375,211.74563469104578,207.0898047125579,211.25711581327238,45512500,-1.0507843356575286,210.99741439819337,204.76767456054688
2025-07-31,206.9402618408203,209.2033639475293,206.5315020865265,207.85746883247032,80698400,-0.7079644851470834,210.7546531677246,204.74354797363281
2025-08-01,201.76600646972656,212.93202387361222,200.88867142379772,210.23023901853355,104434500,-2.500361855671096,210.19784698486328,204.65421966552734
2025-08-04,202.7330780029297,207.24933356384108,201.06813110178,203.8895472057539,75109300,0.47930350118132736,209.8688491821289,204.67934326171874
2025-08-05,202.3043670654297,204.71702329589334,201.54667827641916,202.78290655256814,44155100,-0.21146570738387327,209.5154251098633,204.71044830322265
2025-08-06,212.60302734375,214.72657006985978,204.96626313259566,205.00615029681612,108483100,5.0906762062084,209.62060470581054,205.06895721435546
2025-08-07,219.36245727539062,220.1799768073744,215.92292715514498,218.2159523061407,90224800,3.179366736256095,210.00044860839844,205.46415435791016
2025-08-08,228.65419006347656,230.29917810781973,218.58482597462978,220.16003429974123,113854000,4.235789890163821,210.90718994140624,206.0409991455078
2025-08-11,226.74781799316406,229.12329528601256,224.3324234952035,227.4864157407103,61806100,-0.8337359003931955,211.84522705078126,206.58908813476563
2025-08-12,229.21310424804688,230.36092560837628,226.63802588155738,227.57622481823222,55626200,1.0872370357086103,212.8821029663086,207.1685369873047
2025-08-13,232.88612365722656,234.55294488479396,229.99163136972763,230.6304284784954,69878500,1.6024473911425474,214.05028915405273,207.80449798583984
2025-08-14,232.33717346191406,234.67271834509882,230.41085227691244,233.61473725595164,51916300,-0.2357161460252888,215.19800567626953,208.39817504882814
2025-08-15,231.1494140625,233.834298979768,228.9036945156081,233.5548328767578,56038700,-0.5112222817020617,216.22851104736327,208.97706970214844
2025-08-18,230.45074462890625,232.67649791960375,229.6722297518056,231.2592012143754,37476200,-0.30225879499951036,217.1592803955078,209.58565826416014
2025-08-19,230.1213836669922,232.42698672077375,228.9136940815642,230.84001516813981,39402600,-0.14292032878627792,217.977872467041,210.1220590209961
2025-08-20,225.5800323486328,230.0315543310328,225.3404986724704,229.54248102593337,42263900,-1.9734590701623533,218.58185958862305,210.6168832397461
2025-08-21,224.47213745117188,226.08906587116957,223.3542730460458,225.8395414786139,30621200,-0.4911316333835347,219.1498924255371,211.06522338867188
2025-08-22,227.3267059326172,228.65417758009713,224.98118568943215,225.73973438952316,42477800,1.2716805363276906,219.85467147827148,211.64821899414062
2025-08-25,226.7278594970703,228.86378779922748,225.79962078901826,226.0491451945495,30983100,-0.2634298654397349,220.52103424072266,212.21086303710936
2025-08-26,228.87376403808594,229.0534295301293,224.26255788237486,226.43840339540802,54575100,0.9464670754514737,221.43327102661132,212.8712585449219
2025-08-27,230.05152893066406,230.46073738560713,227.82576024347395,228.17510050695543,31259500,0.5145914812595631,222.5150588989258,213.51592864990235
2025-08-28,232.11758422851562,232.9659733126178,228.90370861616245,230.3809040856524,38074700,0.8980837064874514,223.77392501831054,214.25735107421875
2025-08-29,231.69837951660156,232.9360260407387,230.92984008944924,232.0676707602769,39418400,-0.18060015285242814,225.2705436706543,214.97164672851562
2025-09-02,229.28298950195312,230.4108447009183,226.53822101083426,228.81388239599917,44075600,-1.0424716908628007,226.59803924560546,215.54950225830078
2025-09-03,238.01634216308594,238.395624134605,233.9141603097862,236.75874463665696,66427800,3.808984120498149,228.38363800048828,216.2920556640625
2025-09-04,239.3238525390625,239.4436193831587,236.28964239378743,237.9963808412042,47549400,0.5493363876168944,229.7196792602539,217.08468658447265
2025-09-05,239.2340087890625,240.86091270031892,238.03629475202086,239.54341659874092,54870400,-0.037540658420298634,230.7132568359375,217.8503970336914
2025-09-08,237.42745971679688,239.69313028194867,235.89038089866295,238.84475646782593,48999500,-0.7551389041256629,231.15192031860352,218.59114196777344
2025-09-09,233.9041748046875,238.3257397896772,232.9160527142261,236.54912730927947,66313900,-1.4839416284502027,231.50973815917968,219.2598260498047
2025-09-10,226.35855102539062,231.97784546194652,225.52015268533836,231.7482872752143,83440800,-3.225946602106422,231.36701049804688,219.6960464477539
2025-09-11,229.59239196777344,230.01159113632517,226.21881717306923,226.44839058875493,50208600,1.4286365271970913,231.20232391357422,220.14410400390625
2025-09-12,233.62472534179688,234.0638755168574,228.58432913969838,228.78394562468256,55824200,1.7563009555601639,231.26670150756837,220.58068878173827
2025-09-15,236.24969482421875,237.7368657054393,234.58287368836292,236.54912714503797,42699500,1.123583763910907,231.5217155456543,221.0476400756836
2025-09-16,237.6969451904297,240.76111223381088,235.87043992435724,236.72878926810645,63421100,0.6125935389198034,231.88402557373047,221.61531829833984
2025-09-17,238.5353546142578,239.6432435766681,237.27774187166392,238.5153883976145,46508000,0.3527220020250743,232.30472412109376,222.19856842041017
2025-09-18,237.42745971679688,240.74113579799257,236.199788714976,239.5134800259323,44249600,-0.46445731252398037,232.89709548950196,222.73712890625
2025-09-19,245.032958984375,245.83144010441063,239.7530294205925,240.77107799962133,163741300,3.203293872010393,233.9251365661621,223.40247650146483
2025-09-22,255.5928192138672,256.15178189089505,247.64797087114997,247.82763635806887,105517400,4.309567281585802,235.33844223022462,224.3039456176758
2025-09-23,253.9459686279297,256.8504363399061,253.0975947938589,255.39322235208516,60275200,-0.6443258425658294,236.69934768676757,225.22312347412108
2025-09-24,251.8300018310547,255.2534845023776,250.56241362070242,254.73446948849343,42303700,-0.8332350414175016,237.847159576416,226.09021179199217
2025-09-25,256.3813171386719,256.6807646844572,251.2311452680336,252.72829161839874,55202100,1.8072966979806315,239.1636489868164,227.02739013671874
2025-09-26,254.97401428222656,257.10994249251326,253.2972024297037,253.61660096533106,46076300,-0.5489100657377954,240.30647048950195,227.93921356201173
2025-09-29,253.9459686279297,254.5148915782133,252.52867184357527,254.0757261912774,40127700,-0.4031962461707783,241.41884994506836,228.8073468017578
2025-09-30,254.14559936523438,255.4331385813304,252.6284867333586,254.37515755125318,37704300,0.07861150085717306,242.66198043823243,229.6535516357422
2025-10-01,254.9640350341797,258.29769267334166,254.44502000530687,254.55481135314994,48713900,0.3220341689919026,243.5093650817871,230.47784149169922
2025-10-02,256.6408386230469,257.68882891050583,253.66649683440303,256.09186667190835,42630200,0.657662791005964,244.37521438598634,231.3406524658203
2025-10-03,257.5291442871094,258.7468246365968,253.46689477740222,254.18552630266564,49155600,0.3461279462880995,245.28997116088868,232.22900573730467
2025-10-06,256.2016906738281,258.5771679771474,254.56481112131073,257.49920544747016,44664100,-0.5154576259537191,246.22868270874022,233.08841705322266
2025-10-07,255.99208068847656,256.91031341337026,254.94405994391948,256.3214394907812,31955800,-0.08181444267610916,247.33307800292968,233.94024658203125
2025-10-08,257.5690612792969,258.0281776413904,255.62275879770374,256.03198246417537,36496900,0.6160270999708617,248.893603515625,234.87904724121094
2025-10-09,253.55670166015625,257.50917476461467,252.65841993311406,257.3195337882977,38322000,-1.557780115054186,250.09181900024413,235.78186584472655
2025-10-10,244.80340576171875,255.8922708493858,243.53581752909898,254.45500785015722,61999100,-3.4522045132806656,250.65075302124023,236.53912872314453
2025-10-13,247.18885803222656,249.2149949644775,245.09284695690994,248.90558714178317,38142900,0.9744359001401026,251.1977111816406,237.44758575439454
2025-10-14,247.29864501953125,248.37659224814226,244.23447809703134,246.13087266264282,35478000,0.04441421356069508,251.67779617309571,238.33889709472658
2025-10-15,248.8656463623047,251.3409393203658,246.99920876557604,249.01537013681215,33893600,0.6336473629484196,252.19431076049804,239.27012268066406
2025-10-16,246.979248046875,248.56621957555782,244.66366953460536,247.7777291727393,39777000,-0.7579986804138628,252.67190017700196,239.95764709472655
2025-10-17,251.81002807617188,252.89796599708643,246.79958926324147,247.5481624372989,49147000,1.9559457191237417,253.0107536315918,240.60659851074217
2025-10-20,261.7411193847656,263.87706298772724,255.14370850365398,255.4032084113237,90483000,3.94388237214669,253.31816864013672,241.26833709716797
2025-10-21,262.2701110839844,264.7853366806196,261.33189684706855,261.38182000576944,46695900,0.2021049273656983,253.73437576293946,241.97878295898437
2025-10-22,257.9583435058594,262.349966966352,254.94406918261987,262.15033525743416,45015300,-1.6440179021178225,254.0407928466797,242.55368774414063
2025-10-23,259.0861511230469,260.12418111371363,257.51916110368444,259.4454820834593,32754900,0.4372053262009956,254.17603454589843,243.07768829345704
2025-10-24,262.32000732421875,263.6275126875418,258.68691759501684,260.69310343226954,38253700,1.2481779466614773,254.54333419799804,243.67734497070313
2025-10-27,268.2986145019531,268.60802232244004,264.1465248140549,264.37609822840903,44888200,2.279127405766279,255.2609664916992,244.42032897949218
2025-10-28,268.4882507324219,269.3765722048576,267.63986169210665,268.4782600095115,41534800,0.07068103233436318,255.97809906005858,245.1810791015625
2025-10-29,269.1869201660156,270.8936584399069,266.6018207191691,268.76770579477784,51086700,0.26022346664624774,256.6892433166504,245.96238983154296
2025-10-30,270.8836669921875,273.6184749716116,267.969239224885,271.4725408872279,69886500,0.6303229091240592,257.4013847351074,246.86846252441407
2025-10-31,269.85565185546875,276.79244258078194,268.647962249571,276.4630533049319,86167100,-0.3795042898427692,258.01771011352537,247.7761328125
2025-11-03,268.53814697265625,270.33474092754267,265.74348587775046,269.90556627002525,50194600,-0.4882257880291285,258.6345329284668,248.6003616333008
2025-11-04,269.5262756347656,270.9734988318123,267.11086611942017,267.8195068636227,49274800,0.3679658451690937,259.3112426757813,249.45632995605467
2025-11-05,269.6260986328125,271.18312844251227,266.4221834255846,268.0989800730272,43683100,0.03703646251622672,259.91409454345705,250.2713766479492
2025-11-06,269.25677490234375,272.8798740142925,267.38037702601645,267.38037702601645,51204000,-0.13697625428008564,260.69909820556643,251.0554815673828
2025-11-07,267.9592590332031,271.7719991063764,266.26248096015127,269.28671541495146,48227400,-0.48188791892468386,261.8568908691406,251.77231506347655
2025-11-10,269.1781311035156,273.4741297822401,267.20997142836535,268.7085692371889,41312400,0.4548721603090611,262.95635452270506,252.52191009521485
2025-11-11,274.99267578125,275.65206242273547,269.5477586519058,269.55775905965567,46208300,2.160110352909128,264.341056060791,253.43610382080078
2025-11-12,273.21435546875,275.4722525277038,271.4460210796085,274.74292397164845,48398000,-0.6466791551621554,265.5584915161133,254.14006408691407
2025-11-13,272.6948547363281,276.4413491841305,271.83564282199285,273.85374352181776,49602800,-0.19014401037990014,266.8442718505859,254.80748413085936
2025-11-14,272.15533447265625,275.70200347225597,269.3479639093673,270.7965900477885,47431300,-0.19784761402760198,267.86153717041014,255.46591064453125
2025-11-17,267.2099609375,270.2371271729127,265.48159771217263,268.5687054184609,45018300,-1.817114312581336,268.1349792480469,256.06156066894533
2025-11-18,267.19000244140625,270.4569347049811,265.0719890725528,269.7376065335732,45677300,-0.007469218596389826,268.38097381591797,256.7272772216797
2025-11-19,268.3089294433594,271.9555110777923,265.2517925781922,265.2817633125939,40424500,0.4187757744410714,268.898503112793,257.56628479003905
2025-11-20,266.0010986328125,275.17250947675234,265.67142054546326,270.5768036466949,45823600,-0.8601393980195771,269.24425048828124,258.29445892333985
2025-11-21,271.2361755371094,273.0744516711978,265.4216397990326,265.70137680880595,59030800,1.968065895668869,269.69005889892577,259.04668792724607
2025-11-24,275.6620788574219,276.7410558404627,270.64675212306133,270.64675212306133,65585800,1.6317525903571717,270.05823211669923,259.83493560791015
2025-11-25,276.7110900878906,280.1179060838009,274.9926967216935,275.012667049666,46914200,0.3805424506761135,270.46937408447263,260.6152185058594
2025-11-26,277.29052734375,279.26868736786383,276.3714044558947,276.70108254872224,33431400,0.20940152983219829,270.8745544433594,261.3903219604492
2025-11-28,278.5893249511719,278.73917862681736,275.73198274965245,277.0008150112318,20135600,0.46838874009274,271.2598373413086,262.2135592651367
2025-12-01,282.8353576660156,283.1550658399818,275.88187257202503,277.75011957449965,46587700,1.524118957389331,271.90882263183596,262.9696072387695
2025-12-02,285.9224548339844,287.1313151163589,282.36578537497866,282.7354345985028,53669500,1.0914820528252767,272.77803802490234,263.5761999511719
2025-12-03,283.8843688964844,288.35019153510143,283.0351573834178,285.9324708384744,43538700,-0.7128107299873898,273.4959426879883,264.17496795654296
2025-12-04,280.4375915527344,284.46382276925783,278.32954829392816,283.83440686502166,43989100,-1.2141483369261685,274.03651733398436,264.74711975097654
2025-12-05,278.5193786621094,280.8771882481053,277.79005013345267,280.27774306596746,47265800,-0.6840070477014848,274.49964752197263,265.1898809814453
2025-12-08,277.6302185058594,279.4085531850005,275.8918244790692,277.86998437615557,38211800,-0.31924534677664207,274.98319549560546,265.643005065918
2025-12-09,276.9208679199219,279.7682096639769,276.6611317163261,277.8999627322321,32193300,-0.25550193698475887,275.3703323364258,266.1025030517578
2025-12-10,278.5193786621094,279.48847306800184,276.1815698919154,277.490342786908,33038300,0.5772445948890148,275.5466674804687,266.5899786376953
2025-12-11,277.77008056640625,279.3286197507982,273.5540244422053,278.83908758708685,33248000,-0.26902907054526803,275.7744537353516,267.04609954833984
2025-12-12,278.0198669433594,278.9589906850317,276.5612402656973,277.64021728323,39532900,0.08992558753764257,276.04070434570315,267.4736801147461
2025-12-15,273.8537292480469,279.8880911943856,272.5849275039148,279.8880911943856,50409100,-1.498503592968503,276.12562408447263,267.8001718139648
2025-12-16,274.353271484375,275.2424541197232,271.53593087885605,272.5649667835892,37648600,0.1824120627094583,276.48278961181643,268.16320343017577
2025-12-17,271.58587646484375,275.90184538512057,271.38608172110213,274.75292651919426,50138700,-1.0086976563313366,276.7025833129883,268.47507934570314
2025-12-18,271.935546875,273.374203136776,266.7004552212896,273.35420232069225,51630700,0.12875132341483297,276.8839141845703,268.76240905761716
2025-12-19,273.4141845703125,274.34330788170604,269.64768928264715,271.8955859651445,144632000,0.5437456457254575,277.2545684814453,269.1595587158203
2025-12-22,270.7166748046875,273.62395794129594,270.25711338978425,272.6048920133635,36571800,-0.9866019825797601,277.22859344482424,269.6778240966797
2025-12-23,272.1053771972656,272.2452609569047,269.30800689497966,270.5868091030317,29642000,0.5129726100470355,277.0507583618164,270.1761544799805
2025-12-24,273.55401611328125,275.17249671786806,271.9455359163183,272.085389177814,17910600,0.5323815835382772,276.8929046630859,270.70126190185545
2025-12-26,273.1444091796875,275.1125687682936,272.6049054553,273.9037084592662,21521800,-0.14973530252399003,276.6855987548828,271.1868371582031
2025-12-29,273.50408935546875,274.10350406329195,272.0954038139857,272.4350823114352,23715200,0.13168132449112857,276.4313369750977,271.717333984375
2025-12-30,272.82470703125,273.82377221524894,272.02546707967076,272.5549704076282,22139600,-0.2483993295382736,275.93080444335936,272.13762756347654
2025-12-31,271.6058349609375,273.42414083736213,271.49595243002375,272.80472532736104,27293600,-0.4467601499789753,275.21497344970703,272.334921875
2026-01-02,270.75665283203125,277.58025431004916,268.7485221479618,272.0054842546519,37838100,-0.3126523879828924,274.5585876464844,272.50465270996096
2026-01-05,267.0101623535156,271.25618925068443,265.89121426121545,270.38700744645297,45647200,-1.3837113287258118,273.88721618652346,272.68568908691407
2026-01-06,262.1147155761719,267.2998660934885,261.8749496989937,266.7503924619391,52352100,-1.8334308830022295,273.0669830322266,272.7462603759766
2026-01-07,260.08660888671875,263.4334831315393,259.56710600115036,262.95395138764474,48309800,-0.773747740562758,272.1898025512695,272.70159240722654
2026-01-08,258.7978515625,259.0476178563403,255.46096229095477,256.7797203952787,50419300,-0.4955108337700187,271.2836517333984,272.5115771484375
2026-01-09,259.1275329589844,259.9667440583015,255.98048371428257,258.8377955175017,39997000,0.1273895414872772,270.3140594482422,272.32436279296877
2026-01-12,260.0067138671875,261.05572011368304,256.5599267903311,258.9177364764393,45263800,0.33928502238405045,269.42589111328124,272.1407586669922
2026-01-13,260.8059387207031,261.56523797230057,258.148452318208,258.4781303943212,45730800,0.30738623692765366,268.56519470214846,271.9392041015625
2026-01-14,259.71697998046875,261.57525710051715,256.4700180914029,259.247418118488,40019400,-0.41753602144793955,267.85835723876954,271.7364306640625
2026-01-15,257.9685974121094,260.7959687899761,256.8096782083212,260.40631875644857,39388600,-0.673187624656213,267.03912353515625,271.52503967285156
2026-01-16,255.29112243652344,258.6579671912775,254.69167723491495,257.6589020182799,72142800,-1.0379073276537754,266.22438583374026,271.2403366088867
2026-01-20,246.46937561035156,254.55180921698133,243.19244305608962,252.49373739571587,80267500,-3.4555634923675638,264.9510772705078,270.7772021484375
2026-01-21,247.41848754882812,251.3248360900433,244.9507953165175,248.46750904444812,54641700,0.3850831106810837,263.6512924194336,270.3404364013672
2026-01-22,248.1178436279297,250.76536025794266,247.9180183962477,248.96703988447874,39708300,0.28266120532465244,262.5213508605957,269.94360809326173
2026-01-23,247.80812072753906,249.17685039145397,244.45126111041233,247.08880782235642,41689000,-0.12482895057522869,261.3064880371094,269.5162078857422
2026-01-26,255.17123413085938,256.32015295784896,249.5664780183616,251.24490015634893,55969200,2.9712962519965025,260.3873489379883,269.1197790527344
2026-01-27,258.0285339355469,261.70511669708895,257.96859246831417,258.92771692213245,49648300,1.1197578028024013,259.6315551757813,268.8160626220703
2026-01-28,256.2002868652344,258.61800761819165,254.27208306792676,257.409147241713,41288000,-0.7085445328186779,258.76636505126953,268.4861712646484
2026-01-29,258.0385437011719,259.4072580677027,254.17216647920577,257.75880668092503,67253000,0.7175077196164281,258.0270568847656,268.20383544921873
2026-01-30,259.2374267578125,261.6551472598355,251.94423313215475,254.93144331105526,92443400,0.46461394466286166,257.40863647460935,268.044384765625
2026-02-02,269.7575988769531,270.2371306501278,258.9676766447768,259.7869174093499,73913400,4.058122413384724,257.35868377685546,268.0957366943359
2026-02-03,269.22808837890625,271.6258386480508,267.3598109321867,268.9483513556569,64394700,-0.19629122599374993,257.469580078125,268.1141198730469
2026-02-04,276.23150634765625,278.68922850453845,272.03545112075,272.03545112075,90545700,2.6012954335186356,258.17541961669923,268.31872802734375
2026-02-05,275.6520690917969,279.2387093202658,272.97458180817284,277.86999494352693,52977400,-0.20976508564164442,258.9536926269531,268.4070458984375
2026-02-06,277.8599853515625,280.6473855638201,276.67109542368036,276.8609202349588,50453400,0.8009793893585249,259.90679931640625,268.4510040283203
2026-02-09,274.6199951171875,278.20001220703125,271.70001220703125,277.9100036621094,44623400,-1.166051394653178,260.6814224243164,268.40918212890625
2026-02-10,273.67999267578125,275.3699951171875,272.94000244140625,274.8900146484375,34376900,-0.3422920610733904,261.3650863647461,268.3369714355469
2026-02-11,275.5,280.17999267578125,274.45001220703125,274.70001220703125,51931300,0.6650129249217152,262.09978942871095,268.27518493652343
2026-02-12,261.7300109863281,275.7200012207031,260.17999267578125,275.5899963378906,81077200,-4.998181130189428,262.20044097900393,267.8530780029297
2026-02-13,255.77999877929688,262.2300109863281,255.4499969482422,262.010009765625,56290700,-2.2733396848946263,262.0910110473633,267.25022888183594
2026-02-17,263.8800048828125,266.2900085449219,255.5399932861328,258.04998779296875,58469100,3.1667863563111576,262.52045516967775,266.8501416015625
2026-02-18,264.3500061035156,266.82000732421875,262.45001220703125,263.6000061035156,34203300,0.17811172199722058,263.41448669433595,266.5283898925781
2026-02-19,260.5799865722656,264.4800109863281,260.04998779296875,262.6000061035156,30845300,-1.4261469431454121,264.0725616455078,266.16960205078124
2026-02-20,264.5799865722656,264.75,258.1600036621094,258.9700012207031,42070500,1.5350373037534393,264.8956687927246,265.9085974121094
2026-02-23,266.17999267578125,269.42999267578125,263.3800048828125,263.489990234375,37308200,0.6047343656806037,265.8142623901367,265.69377990722654
2026-02-24,272.1400146484375,274.8900146484375,267.7099914550781,267.8599853515625,47014600,2.2390946489790453,266.66270141601564,265.5661926269531
2026-02-25,274.2300109863281,274.94000244140625,271.04998779296875,271.7799987792969,33714300,0.7679856784716499,267.4727752685547,265.4953912353516
2026-02-26,272.95001220703125,276.1099853515625,270.79998779296875,274.95001220703125,32345100,-0.4667610137537803,268.31026153564454,265.393994140625
2026-02-27,264.17999267578125,272.80999755859375,262.8900146484375,272.80999755859375,72366500,-3.2130496937285313,268.617333984375,265.20051940917966
2026-03-02,264.7200012207031,266.5299987792969,260.20001220703125,262.4100036621094,41827900,0.2044093269336189,268.8914627075195,265.00785400390623
2026-03-03,263.75,265.55999755859375,260.1300048828125,263.4800109863281,38568900,-0.36642536122324376,268.59108276367186,264.85113647460935
2026-03-04,262.5199890136719,266.1499938964844,261.4200134277344,264.6499938964844,39803100,-0.4663548763329417,268.2556777954102,264.66282531738284
2026-03-05,260.2900085449219,261.55999755859375,257.25,260.7900085449219,49658600,-0.8494516844711031,267.45860290527344,264.400341796875
2026-03-06,257.4599914550781,258.7699890136719,254.3699951171875,258.6300048828125,41120000,-1.0872553678353492,266.5489990234375,264.1352081298828
2026-03-09,259.8800048828125,261.1499938964844,253.67999267578125,255.69000244140625,38218500,0.9399570838394267,265.65,263.89070068359376
2026-03-10,260.8299865722656,262.4800109863281,256.95001220703125,257.6499938964844,30590800,0.36554627966916,264.9604995727539,263.63622009277344
2026-03-11,260.80999755859375,262.1300048828125,259.54998779296875,261.0899963378906,26218900,-0.007663617950748325,264.3169998168945,263.38953186035155
2026-03-12,255.75999450683594,258.95001220703125,254.17999267578125,258.6600036621094,40794000,-1.9362766377938656,263.32999954223635,263.0346499633789
2026-03-13,250.1199951171875,256.3299865722656,249.52000427246094,255.47999572753906,36930000,-2.2051921765652405,262.7494987487793,262.58055572509767
2026-03-16,252.82000732421875,253.88999938964844,249.8800048828125,252.11000061035156,32074200,1.079486750256109,262.6014991760254,262.2048391723633
2026-03-17,254.22999572753906,255.1300048828125,252.17999267578125,252.9600067138672,32361600,0.5577044389181385,262.1189987182617,261.87430603027343
2026-03-18,249.94000244140625,254.94000244140625,249.0,252.6300048828125,35757900,-1.6874457610149385,261.39849853515625,261.53290283203125
2026-03-19,248.9600067138672,251.8300018310547,247.3000030517578,249.39999389648438,34864100,-0.39209238936004365,260.8174995422363,261.26980865478515
2026-03-20,247.99000549316406,249.1999969482422,246.0,247.97999572753906,88331100,-0.3896213024359163,259.9880004882813,261.0278765869141
2026-03-23,251.49000549316406,254.60000610351562,250.27999877929688,253.97000122070312,40546100,1.411347200480817,259.2535011291504,260.8817196655273
2026-03-24,251.63999938964844,254.8300018310547,249.5500030517578,250.35000610351562,45152300,0.059642090424327776,258.22850036621094,260.73196899414063
2026-03-25,252.6199951171875,255.0,251.60000610351562,254.10000610351562,28476700,0.389443542328749,257.1479995727539,260.5842346191406
2026-03-26,252.88999938964844,257.0,250.77000427246094,252.1199951171875,41796700,0.10688159198788405,256.14499893188474,260.42591583251954
2026-03-27,248.8000030517578,255.49000549316406,248.07000732421875,253.89999389648438,47900000,-1.6173025219509918,255.3759994506836,260.2075762939453
2026-03-30,246.6300048828125,250.8699951171875,245.50999450683594,250.07000732421875,39446200,-0.8721857485242457,254.47149963378905,259.9808044433594
2026-03-31,253.7899932861328,255.47999572753906,247.10000610351562,247.91000366210938,49598100,2.9031294901536553,253.9734992980957,259.9507818603516
2026-04-01,255.6300048828125,256.17999267578125,253.3300018310547,254.0800018310547,40059400,0.7250134541771258,253.62900009155274,260.1339944458008
2026-04-02,255.9199981689453,256.1300048828125,250.64999389648438,254.1999969482422,31289400,0.11344258521832629,253.4104995727539,260.3040246582031
2026-04-06,258.8599853515625,262.1600036621094,256.4599914550781,256.510009765625,29329900,1.1487914987700076,253.48049926757812,260.5188674926758
2026-04-07,253.5,256.20001220703125,245.6999969482422,256.1600036621094,62148000,-2.0706117804507373,253.1614990234375,260.632705078125
2026-04-08,258.8999938964844,259.75,256.5299987792969,258.45001220703125,41032800,2.130175107094434,253.06499938964845,260.7072802734375
2026-04-09,260.489990234375,261.1199951171875,256.07000732421875,259.0,28121600,0.6141353323192211,253.0489990234375,260.7565093994141
2026-04-10,260.4800109863281,262.19000244140625,259.0199890136719,259.9800109863281,31291500,-0.0038309525974056235,253.2849998474121,260.84210388183595
2026-04-13,259.20001220703125,260.17999267578125,256.6600036621094,259.7300109863281,36234700,-0.4914000020385667,253.7390007019043,260.86533325195313
2026-04-14,258.8299865722656,261.92999267578125,257.19000244140625,259.25,48370700,-0.1427567968129817,254.03949966430665,260.8571844482422
2026-04-15,266.42999267578125,266.55999755859375,257.80999755859375,258.1600036621094,49913500,2.9362927395561567,254.64949951171874,260.79063232421873
2026-04-16,263.3999938964844,267.1600036621094,261.2699890136719,266.79998779296875,43323100,-1.1372588907376024,255.32249908447267,260.6740704345703
2026-04-17,270.2300109863281,272.29998779296875,266.7200012207031,266.9599914550781,61436200,2.5930209749845057,256.3859992980957,260.5540405273438
2026-04-20,273.04998779296875,274.2799987792969,270.2900085449219,270.3299865722656,36590200,1.043546864520284,257.6389984130859,260.5019989013672
2026-04-21,266.1700134277344,272.79998779296875,265.3999938964844,271.5,50209800,-2.5196757637106715,258.3729988098145,260.2681994628906
2026-04-22,273.1700134277344,273.739990234375,266.8699951171875,267.82000732421875,43249200,2.6298980526972437,259.4494995117187,260.23919982910155
2026-04-23,273.42999267578125,275.7699890136719,271.6499938964844,275.04998779296875,33399600,0.09517122497622044,260.48999938964846,260.23419982910156
2026-04-24,271.05999755859375,273.05999755859375,269.6499938964844,272.760009765625,38157100,-0.8667648687676,261.3984992980957,260.14539978027346
2026-04-27,267.6099853515625,268.3599853515625,265.07000732421875,266.0899963378906,41466800,-1.2727854490168666,262.33899841308596,260.26299926757815
2026-04-28,270.7099914550781,273.2300109863281,268.6600036621094,272.3399963378906,40018900,1.1584044965448959,263.5429977416992,260.56159912109376
2026-04-29,270.1700134277344,271.0400085449219,267.0400085449219,267.54998779296875,30047900,-0.19946734305643643,264.3619987487793,260.68739929199216
2026-04-30,271.3500061035156,276.0,268.1400146484375,270.5,91848200,0.4367593060422559,265.14799880981445,260.8273992919922
2026-05-01,280.1400146484375,287.2200012207031,278.3699951171875,278.8599853515625,79915400,3.2393618379240596,266.35899963378904,261.2185998535156
2026-05-04,276.8299865722656,280.6300048828125,274.8599853515625,279.6600036621094,46668400,-1.1815620415119188,267.2574996948242,261.46359985351563
2026-05-05,284.17999267578125,284.57000732421875,276.5,276.92999267578125,49311700,2.6550613950909296,268.79149932861327,261.82359985351565
2026-05-06,287.510009765625,288.0299987792969,281.07000732421875,281.9200134277344,58336100,1.171798569803939,270.2220001220703,262.13099975585936
2026-05-07,287.44000244140625,292.1300048828125,285.7799987792969,289.2699890136719,45224300,-0.024349525874178823,271.5695007324219,262.39519958496095
2026-05-08,293.32000732421875,294.760009765625,290.0,290.010009765625,52631200,2.045645989726541,273.2115005493164,262.8025994873047
